genome_id	namespace	retained_markers
cmag_001	CAZY	8
cmag_002	CAZY	11
cmag_004	CAZY	5
cmag_005	CAZY	2
cmag_006	CAZY	17
cmag_007	CAZY	15
cmag_008	CAZY	32
cmag_009	CAZY	43
cmag_010	CAZY	9
cmag_011	CAZY	7
cmag_012	CAZY	28
cmag_013	CAZY	2
cmag_014	CAZY	3
cmag_015	CAZY	5
cmag_016	CAZY	10
cmag_017	CAZY	135
cmag_018	CAZY	8
cmag_019	CAZY	16
cmag_020	CAZY	39
cmag_021	CAZY	27
cmag_022	CAZY	8
cmag_023	CAZY	25
cmag_024	CAZY	49
cmag_025	CAZY	7
cmag_026	CAZY	49
cmag_027	CAZY	5
cmag_028	CAZY	25
cmag_029	CAZY	2
cmag_030	CAZY	12
cmag_031	CAZY	23
cmag_032	CAZY	8
cmag_033	CAZY	10
cmag_034	CAZY	12
cmag_035	CAZY	64
cmag_036	CAZY	37
cmag_037	CAZY	49
cmag_038	CAZY	12
cmag_039	CAZY	92
cmag_040	CAZY	34
cmag_041	CAZY	14
cmag_042	CAZY	25
cmag_043	CAZY	16
cmag_044	CAZY	1
cmag_045	CAZY	22
cmag_046	CAZY	7
cmag_047	CAZY	32
cmag_048	CAZY	27
cmag_049	CAZY	56
cmag_050	CAZY	48
cmag_051	CAZY	4
cmag_052	CAZY	4
cmag_053	CAZY	9
cmag_054	CAZY	5
cmag_055	CAZY	3
cmag_056	CAZY	4
cmag_057	CAZY	16
cmag_058	CAZY	36
cmag_059	CAZY	41
cmag_060	CAZY	41
cmag_061	CAZY	9
cmag_062	CAZY	9
cmag_063	CAZY	31
cmag_064	CAZY	66
cmag_065	CAZY	62
cmag_066	CAZY	34
cmag_067	CAZY	39
cmag_068	CAZY	4
cmag_069	CAZY	6
cmag_070	CAZY	4
cmag_071	CAZY	39
cmag_072	CAZY	11
cmag_073	CAZY	162
cmag_074	CAZY	36
cmag_075	CAZY	41
cmag_076	CAZY	33
cmag_077	CAZY	19
cmag_078	CAZY	16
cmag_079	CAZY	8
cmag_080	CAZY	32
cmag_081	CAZY	45
cmag_082	CAZY	20
cmag_083	CAZY	7
cmag_084	CAZY	25
cmag_085	CAZY	3
cmag_086	CAZY	17
cmag_087	CAZY	8
cmag_088	CAZY	7
cmag_089	CAZY	29
cmag_090	CAZY	6
cmag_091	CAZY	74
cmag_092	CAZY	25
cmag_093	CAZY	10
cmag_094	CAZY	28
cmag_095	CAZY	30
cmag_096	CAZY	30
cmag_097	CAZY	80
cmag_098	CAZY	87
cmag_099	CAZY	13
cmag_100	CAZY	37
cmag_101	CAZY	47
cmag_102	CAZY	19
cmag_103	CAZY	2
cmag_104	CAZY	78
cmag_105	CAZY	55
cmag_106	CAZY	5
cmag_107	CAZY	2
cmag_108	CAZY	30
cmag_109	CAZY	5
cmag_110	CAZY	48
cmag_111	CAZY	9
cmag_112	CAZY	44
cmag_113	CAZY	8
cmag_114	CAZY	23
cmag_115	CAZY	21
cmag_116	CAZY	2
cmag_117	CAZY	49
cmag_118	CAZY	17
cmag_119	CAZY	10
cmag_120	CAZY	35
cmag_121	CAZY	6
cmag_122	CAZY	76
cmag_123	CAZY	27
cmag_124	CAZY	2
cmag_125	CAZY	58
cmag_126	CAZY	55
cmag_127	CAZY	48
cmag_128	CAZY	20
cmag_129	CAZY	33
cmag_130	CAZY	40
cmag_131	CAZY	6
cmag_132	CAZY	7
cmag_133	CAZY	19
cmag_134	CAZY	11
cmag_135	CAZY	9
cmag_136	CAZY	5
cmag_137	CAZY	20
cmag_138	CAZY	81
cmag_139	CAZY	8
cmag_140	CAZY	56
cmag_141	CAZY	3
cmag_142	CAZY	4
cmag_143	CAZY	6
cmag_144	CAZY	2
cmag_145	CAZY	48
cmag_146	CAZY	11
cmag_147	CAZY	56
cmag_148	CAZY	60
cmag_149	CAZY	8
cmag_150	CAZY	5
cmag_151	CAZY	10
cmag_152	CAZY	40
cmag_153	CAZY	35
cmag_154	CAZY	6
cmag_155	CAZY	102
cmag_156	CAZY	44
cmag_157	CAZY	6
cmag_158	CAZY	10
cmag_159	CAZY	44
cmag_160	CAZY	32
cmag_161	CAZY	32
cmag_162	CAZY	61
cmag_163	CAZY	3
cmag_164	CAZY	5
cmag_165	CAZY	7
cmag_166	CAZY	26
cmag_167	CAZY	49
cmag_168	CAZY	71
cmag_169	CAZY	5
cmag_170	CAZY	54
cmag_171	CAZY	11
cmag_172	CAZY	47
cmag_173	CAZY	59
cmag_174	CAZY	6
cmag_175	CAZY	62
cmag_176	CAZY	10
cmag_177	CAZY	62
cmag_178	CAZY	42
cmag_179	CAZY	12
cmag_180	CAZY	34
cmag_181	CAZY	55
cmag_182	CAZY	48
cmag_183	CAZY	11
cmag_184	CAZY	24
cmag_185	CAZY	45
cmag_186	CAZY	29
cmag_187	CAZY	78
cmag_188	CAZY	2
cmag_189	CAZY	5
cmag_190	CAZY	13
cmag_191	CAZY	10
cmag_192	CAZY	3
cmag_193	CAZY	26
cmag_194	CAZY	12
cmag_195	CAZY	4
cmag_196	CAZY	7
cmag_197	CAZY	4
cmag_198	CAZY	23
cmag_199	CAZY	6
cmag_200	CAZY	8
cmag_201	CAZY	29
cmag_202	CAZY	75
cmag_203	CAZY	33
cmag_204	CAZY	12
cmag_205	CAZY	18
cmag_206	CAZY	3
cmag_207	CAZY	24
cmag_208	CAZY	9
cmag_209	CAZY	57
cmag_210	CAZY	10
cmag_211	CAZY	45
cmag_212	CAZY	13
cmag_213	CAZY	3
cmag_214	CAZY	41
cmag_215	CAZY	2
cmag_216	CAZY	3
cmag_217	CAZY	3
cmag_218	CAZY	56
cmag_219	CAZY	92
cmag_220	CAZY	3
cmag_221	CAZY	76
cmag_222	CAZY	23
cmag_223	CAZY	50
cmag_224	CAZY	5
cmag_225	CAZY	1
cmag_226	CAZY	31
cmag_227	CAZY	23
cmag_228	CAZY	76
cmag_229	CAZY	35
cmag_230	CAZY	5
cmag_231	CAZY	7
cmag_232	CAZY	31
cmag_233	CAZY	4
cmag_234	CAZY	13
cmag_235	CAZY	25
cmag_236	CAZY	39
cmag_237	CAZY	55
cmag_238	CAZY	27
cmag_239	CAZY	10
cmag_240	CAZY	54
cmag_241	CAZY	8
cmag_242	CAZY	11
cmag_243	CAZY	44
cmag_244	CAZY	54
cmag_245	CAZY	2
cmag_246	CAZY	32
cmag_247	CAZY	42
cmag_248	CAZY	87
cmag_249	CAZY	5
cmag_250	CAZY	10
cmag_251	CAZY	2
cmag_252	CAZY	2
cmag_253	CAZY	7
cmag_254	CAZY	162
cmag_255	CAZY	27
cmag_256	CAZY	40
cmag_257	CAZY	5
cmag_258	CAZY	39
cmag_259	CAZY	82
cmag_260	CAZY	18
cmag_261	CAZY	11
cmag_262	CAZY	21
cmag_263	CAZY	2
cmag_264	CAZY	4
cmag_265	CAZY	8
cmag_266	CAZY	3
cmag_267	CAZY	21
cmag_268	CAZY	30
cmag_269	CAZY	31
cmag_270	CAZY	8
cmag_271	CAZY	79
cmag_272	CAZY	6
cmag_273	CAZY	39
cmag_275	CAZY	15
cmag_276	CAZY	2
cmag_277	CAZY	7
cmag_278	CAZY	44
cmag_279	CAZY	26
cmag_280	CAZY	2
cmag_281	CAZY	67
cmag_282	CAZY	23
cmag_283	CAZY	29
cmag_284	CAZY	2
cmag_285	CAZY	18
cmag_286	CAZY	61
cmag_287	CAZY	5
cmag_288	CAZY	23
cmag_289	CAZY	24
cmag_290	CAZY	8
cmag_291	CAZY	17
cmag_292	CAZY	11
cmag_293	CAZY	38
cmag_294	CAZY	3
cmag_295	CAZY	54
cmag_296	CAZY	10
cmag_297	CAZY	42
cmag_298	CAZY	26
cmag_299	CAZY	11
cmag_300	CAZY	21
cmag_301	CAZY	3
cmag_302	CAZY	6
cmag_303	CAZY	3
cmag_304	CAZY	18
cmag_305	CAZY	4
cmag_306	CAZY	15
cmag_307	CAZY	6
cmag_308	CAZY	11
cmag_309	CAZY	14
cmag_310	CAZY	20
cmag_311	CAZY	5
cmag_312	CAZY	7
cmag_313	CAZY	8
cmag_314	CAZY	239
cmag_315	CAZY	48
cmag_316	CAZY	3
cmag_317	CAZY	2
cmag_318	CAZY	6
cmag_319	CAZY	8
cmag_320	CAZY	178
cmag_321	CAZY	43
cmag_322	CAZY	26
cmag_323	CAZY	4
cmag_324	CAZY	52
cmag_325	CAZY	13
cmag_326	CAZY	34
cmag_327	CAZY	12
cmag_328	CAZY	16
cmag_329	CAZY	41
cmag_330	CAZY	30
cmag_331	CAZY	7
cmag_332	CAZY	3
cmag_333	CAZY	8
cmag_334	CAZY	6
cmag_335	CAZY	48
cmag_336	CAZY	11
cmag_337	CAZY	60
cmag_338	CAZY	24
cmag_339	CAZY	39
cmag_340	CAZY	14
cmag_341	CAZY	33
cmag_342	CAZY	27
cmag_343	CAZY	22
cmag_344	CAZY	40
cmag_345	CAZY	82
cmag_346	CAZY	26
cmag_347	CAZY	9
cmag_348	CAZY	3
cmag_349	CAZY	67
cmag_350	CAZY	2
cmag_351	CAZY	67
cmag_352	CAZY	58
cmag_353	CAZY	6
cmag_354	CAZY	24
cmag_355	CAZY	41
cmag_356	CAZY	5
cmag_357	CAZY	4
cmag_358	CAZY	5
cmag_359	CAZY	48
cmag_360	CAZY	12
cmag_361	CAZY	74
cmag_362	CAZY	7
cmag_363	CAZY	8
cmag_364	CAZY	51
cmag_365	CAZY	10
cmag_366	CAZY	7
cmag_367	CAZY	10
cmag_368	CAZY	70
cmag_369	CAZY	37
cmag_370	CAZY	65
cmag_371	CAZY	16
cmag_372	CAZY	43
cmag_373	CAZY	18
cmag_374	CAZY	24
cmag_375	CAZY	35
cmag_376	CAZY	9
cmag_377	CAZY	10
cmag_378	CAZY	2
cmag_379	CAZY	53
cmag_380	CAZY	12
cmag_381	CAZY	49
cmag_382	CAZY	2
cmag_383	CAZY	35
cmag_384	CAZY	3
cmag_385	CAZY	20
cmag_386	CAZY	6
cmag_387	CAZY	10
cmag_388	CAZY	2
cmag_389	CAZY	3
cmag_390	CAZY	10
cmag_391	CAZY	38
cmag_392	CAZY	6
cmag_393	CAZY	107
cmag_394	CAZY	2
cmag_396	CAZY	11
cmag_397	CAZY	42
cmag_398	CAZY	3
cmag_399	CAZY	11
cmag_400	CAZY	37
cmag_401	CAZY	5
cmag_402	CAZY	7
cmag_403	CAZY	9
cmag_404	CAZY	11
cmag_405	CAZY	12
cmag_406	CAZY	14
cmag_407	CAZY	17
cmag_408	CAZY	9
cmag_409	CAZY	39
cmag_410	CAZY	45
cmag_411	CAZY	27
cmag_412	CAZY	62
cmag_413	CAZY	11
cmag_414	CAZY	9
cmag_415	CAZY	85
cmag_416	CAZY	75
cmag_417	CAZY	2
cmag_418	CAZY	68
cmag_419	CAZY	31
cmag_420	CAZY	56
cmag_421	CAZY	4
cmag_422	CAZY	88
cmag_423	CAZY	60
cmag_424	CAZY	15
cmag_425	CAZY	2
cmag_426	CAZY	122
cmag_427	CAZY	59
cmag_428	CAZY	4
cmag_429	CAZY	18
cmag_431	CAZY	39
cmag_432	CAZY	26
cmag_433	CAZY	21
cmag_434	CAZY	8
cmag_435	CAZY	5
cmag_436	CAZY	33
cmag_437	CAZY	38
cmag_438	CAZY	46
cmag_439	CAZY	71
cmag_440	CAZY	8
cmag_441	CAZY	36
cmag_442	CAZY	20
cmag_443	CAZY	6
cmag_444	CAZY	43
cmag_445	CAZY	88
cmag_446	CAZY	62
cmag_447	CAZY	11
cmag_448	CAZY	22
cmag_449	CAZY	5
cmag_450	CAZY	2
cmag_451	CAZY	57
cmag_452	CAZY	41
cmag_453	CAZY	11
cmag_454	CAZY	8
cmag_455	CAZY	2
cmag_456	CAZY	17
cmag_457	CAZY	10
cmag_458	CAZY	3
cmag_459	CAZY	3
cmag_460	CAZY	14
cmag_461	CAZY	39
cmag_462	CAZY	97
cmag_463	CAZY	16
cmag_464	CAZY	15
cmag_465	CAZY	23
cmag_466	CAZY	30
cmag_467	CAZY	10
cmag_468	CAZY	8
cmag_469	CAZY	115
cmag_470	CAZY	12
cmag_471	CAZY	39
cmag_472	CAZY	98
cmag_473	CAZY	71
cmag_474	CAZY	3
cmag_475	CAZY	4
cmag_476	CAZY	7
cmag_477	CAZY	61
cmag_478	CAZY	7
cmag_479	CAZY	56
cmag_480	CAZY	95
cmag_481	CAZY	140
cmag_482	CAZY	10
cmag_483	CAZY	13
cmag_484	CAZY	51
cmag_485	CAZY	3
cmag_486	CAZY	58
cmag_487	CAZY	2
cmag_488	CAZY	15
cmag_489	CAZY	2
cmag_490	CAZY	22
cmag_491	CAZY	9
cmag_492	CAZY	48
cmag_493	CAZY	13
cmag_494	CAZY	37
cmag_495	CAZY	8
cmag_496	CAZY	13
cmag_497	CAZY	2
cmag_498	CAZY	34
cmag_499	CAZY	62
cmag_500	CAZY	38
cmag_501	CAZY	2
cmag_502	CAZY	23
cmag_503	CAZY	15
cmag_504	CAZY	49
cmag_505	CAZY	4
cmag_506	CAZY	7
cmag_507	CAZY	36
cmag_508	CAZY	7
cmag_509	CAZY	11
cmag_510	CAZY	31
cmag_511	CAZY	65
cmag_512	CAZY	6
cmag_513	CAZY	9
cmag_514	CAZY	82
cmag_515	CAZY	34
cmag_516	CAZY	9
cmag_517	CAZY	19
cmag_518	CAZY	3
cmag_519	CAZY	2
cmag_520	CAZY	4
cmag_521	CAZY	5
cmag_522	CAZY	6
cmag_523	CAZY	16
cmag_524	CAZY	33
cmag_525	CAZY	6
cmag_526	CAZY	9
cmag_527	CAZY	8
cmag_528	CAZY	28
cmag_529	CAZY	8
cmag_530	CAZY	96
cmag_531	CAZY	4
cmag_532	CAZY	2
cmag_533	CAZY	17
cmag_534	CAZY	9
cmag_535	CAZY	89
cmag_536	CAZY	10
cmag_537	CAZY	34
cmag_538	CAZY	41
cmag_539	CAZY	9
cmag_540	CAZY	2
cmag_541	CAZY	96
cmag_542	CAZY	26
cmag_543	CAZY	109
cmag_544	CAZY	10
cmag_545	CAZY	24
cmag_546	CAZY	56
cmag_547	CAZY	9
cmag_548	CAZY	7
cmag_549	CAZY	7
cmag_550	CAZY	32
cmag_551	CAZY	55
cmag_552	CAZY	7
cmag_553	CAZY	7
cmag_555	CAZY	6
cmag_556	CAZY	10
cmag_557	CAZY	9
cmag_558	CAZY	105
cmag_559	CAZY	48
cmag_560	CAZY	8
cmag_561	CAZY	4
cmag_562	CAZY	78
cmag_563	CAZY	52
cmag_564	CAZY	19
cmag_565	CAZY	39
cmag_566	CAZY	2
cmag_567	CAZY	8
cmag_568	CAZY	60
cmag_569	CAZY	17
cmag_570	CAZY	115
cmag_571	CAZY	27
cmag_572	CAZY	12
cmag_573	CAZY	66
cmag_574	CAZY	5
cmag_575	CAZY	6
cmag_576	CAZY	16
cmag_577	CAZY	29
cmag_578	CAZY	44
cmag_579	CAZY	6
cmag_580	CAZY	3
cmag_581	CAZY	29
cmag_582	CAZY	6
cmag_583	CAZY	35
cmag_584	CAZY	58
cmag_585	CAZY	5
cmag_586	CAZY	11
cmag_587	CAZY	10
cmag_588	CAZY	12
cmag_589	CAZY	17
cmag_590	CAZY	104
cmag_591	CAZY	23
cmag_592	CAZY	12
cmag_593	CAZY	12
cmag_594	CAZY	43
cmag_595	CAZY	6
cmag_596	CAZY	28
cmag_597	CAZY	206
cmag_598	CAZY	99
cmag_599	CAZY	111
cmag_600	CAZY	6
cmag_601	CAZY	33
cmag_602	CAZY	5
cmag_603	CAZY	28
cmag_604	CAZY	60
cmag_605	CAZY	34
cmag_606	CAZY	9
cmag_607	CAZY	45
cmag_608	CAZY	28
cmag_609	CAZY	24
cmag_610	CAZY	36
cmag_611	CAZY	17
cmag_612	CAZY	43
cmag_613	CAZY	2
cmag_614	CAZY	11
cmag_615	CAZY	6
cmag_616	CAZY	16
cmag_617	CAZY	14
cmag_618	CAZY	6
cmag_619	CAZY	7
cmag_620	CAZY	2
cmag_621	CAZY	54
cmag_622	CAZY	27
cmag_623	CAZY	53
cmag_624	CAZY	14
cmag_625	CAZY	86
cmag_626	CAZY	46
cmag_627	CAZY	81
cmag_628	CAZY	39
cmag_629	CAZY	16
cmag_630	CAZY	2
cmag_631	CAZY	8
cmag_632	CAZY	79
cmag_633	CAZY	4
cmag_634	CAZY	5
cmag_635	CAZY	19
cmag_636	CAZY	61
cmag_637	CAZY	108
cmag_638	CAZY	44
cmag_639	CAZY	58
cmag_640	CAZY	133
cmag_641	CAZY	27
cmag_642	CAZY	23
cmag_643	CAZY	7
cmag_644	CAZY	34
cmag_645	CAZY	2
cmag_646	CAZY	6
cmag_647	CAZY	69
cmag_648	CAZY	8
cmag_649	CAZY	2
cmag_650	CAZY	3
cmag_651	CAZY	32
cmag_652	CAZY	5
cmag_653	CAZY	9
cmag_654	CAZY	4
cmag_655	CAZY	5
cmag_656	CAZY	4
cmag_657	CAZY	5
cmag_658	CAZY	37
cmag_659	CAZY	2
cmag_660	CAZY	13
cmag_661	CAZY	8
cmag_662	CAZY	3
cmag_663	CAZY	19
cmag_664	CAZY	11
cmag_665	CAZY	27
cmag_666	CAZY	8
cmag_667	CAZY	12
cmag_668	CAZY	26
cmag_669	CAZY	65
cmag_670	CAZY	3
cmag_671	CAZY	6
cmag_672	CAZY	47
cmag_673	CAZY	21
cmag_674	CAZY	50
cmag_675	CAZY	83
cmag_676	CAZY	41
cmag_677	CAZY	51
cmag_678	CAZY	34
cmag_679	CAZY	20
cmag_680	CAZY	8
cmag_681	CAZY	22
cmag_682	CAZY	72
cmag_683	CAZY	9
cmag_684	CAZY	2
cmag_685	CAZY	124
cmag_686	CAZY	21
cmag_687	CAZY	6
cmag_688	CAZY	41
cmag_689	CAZY	3
cmag_690	CAZY	2
cmag_691	CAZY	46
cmag_692	CAZY	3
cmag_693	CAZY	7
cmag_694	CAZY	9
cmag_695	CAZY	12
cmag_696	CAZY	35
cmag_697	CAZY	8
cmag_698	CAZY	100
cmag_699	CAZY	39
cmag_700	CAZY	11
cmag_701	CAZY	51
cmag_702	CAZY	10
cmag_703	CAZY	17
cmag_704	CAZY	67
cmag_705	CAZY	77
cmag_706	CAZY	73
cmag_707	CAZY	18
cmag_708	CAZY	54
cmag_709	CAZY	47
cmag_710	CAZY	69
cmag_711	CAZY	8
cmag_712	CAZY	38
cmag_713	CAZY	41
cmag_714	CAZY	12
cmag_715	CAZY	16
cmag_716	CAZY	7
cmag_717	CAZY	7
cmag_718	CAZY	21
cmag_719	CAZY	38
cmag_720	CAZY	31
cmag_721	CAZY	38
cmag_722	CAZY	20
cmag_723	CAZY	10
cmag_724	CAZY	91
cmag_725	CAZY	10
cmag_726	CAZY	6
cmag_727	CAZY	3
cmag_728	CAZY	69
cmag_729	CAZY	8
cmag_730	CAZY	6
cmag_731	CAZY	17
cmag_732	CAZY	19
cmag_733	CAZY	37
cmag_734	CAZY	32
cmag_735	CAZY	5
cmag_736	CAZY	6
cmag_737	CAZY	60
cmag_738	CAZY	24
cmag_739	CAZY	39
cmag_740	CAZY	17
cmag_741	CAZY	3
cmag_742	CAZY	20
cmag_743	CAZY	64
cmag_744	CAZY	9
cmag_745	CAZY	73
cmag_746	CAZY	76
cmag_748	CAZY	31
cmag_749	CAZY	6
cmag_750	CAZY	72
cmag_752	CAZY	64
cmag_753	CAZY	6
cmag_754	CAZY	23
cmag_755	CAZY	7
cmag_756	CAZY	3
cmag_757	CAZY	6
cmag_758	CAZY	22
cmag_759	CAZY	38
cmag_760	CAZY	5
cmag_761	CAZY	5
cmag_762	CAZY	5
cmag_763	CAZY	10
cmag_764	CAZY	19
cmag_765	CAZY	9
cmag_766	CAZY	9
cmag_767	CAZY	2
cmag_768	CAZY	120
cmag_769	CAZY	23
cmag_770	CAZY	17
cmag_771	CAZY	58
cmag_772	CAZY	32
cmag_773	CAZY	13
cmag_774	CAZY	85
cmag_775	CAZY	18
cmag_776	CAZY	9
cmag_777	CAZY	34
cmag_778	CAZY	27
cmag_779	CAZY	4
cmag_780	CAZY	11
cmag_781	CAZY	2
cmag_782	CAZY	15
cmag_783	CAZY	43
cmag_784	CAZY	53
cmag_785	CAZY	60
cmag_786	CAZY	15
cmag_787	CAZY	2
cmag_788	CAZY	30
cmag_789	CAZY	28
cmag_790	CAZY	14
cmag_791	CAZY	67
cmag_792	CAZY	8
cmag_793	CAZY	19
cmag_794	CAZY	21
cmag_795	CAZY	53
cmag_796	CAZY	11
cmag_797	CAZY	56
cmag_798	CAZY	43
cmag_799	CAZY	24
cmag_800	CAZY	29
cmag_801	CAZY	32
cmag_802	CAZY	34
cmag_803	CAZY	51
cmag_804	CAZY	13
cmag_805	CAZY	41
cmag_806	CAZY	60
cmag_807	CAZY	2
cmag_808	CAZY	3
cmag_809	CAZY	77
cmag_810	CAZY	11
cmag_811	CAZY	1
cmag_812	CAZY	11
cmag_813	CAZY	43
cmag_814	CAZY	15
cmag_815	CAZY	4
cmag_816	CAZY	25
cmag_817	CAZY	44
cmag_818	CAZY	1
cmag_819	CAZY	1
cmag_820	CAZY	8
cmag_821	CAZY	5
cmag_822	CAZY	38
cmag_823	CAZY	11
cmag_824	CAZY	69
cmag_825	CAZY	39
cmag_001	KO	134
cmag_002	KO	116
cmag_003	KO	39
cmag_004	KO	30
cmag_005	KO	13
cmag_006	KO	206
cmag_007	KO	145
cmag_008	KO	112
cmag_009	KO	166
cmag_010	KO	238
cmag_011	KO	19
cmag_012	KO	160
cmag_013	KO	18
cmag_014	KO	7
cmag_015	KO	20
cmag_016	KO	44
cmag_017	KO	242
cmag_018	KO	43
cmag_019	KO	40
cmag_020	KO	169
cmag_021	KO	190
cmag_022	KO	26
cmag_023	KO	190
cmag_024	KO	188
cmag_025	KO	342
cmag_026	KO	175
cmag_027	KO	79
cmag_028	KO	123
cmag_029	KO	9
cmag_030	KO	142
cmag_031	KO	110
cmag_032	KO	84
cmag_033	KO	45
cmag_034	KO	186
cmag_035	KO	206
cmag_036	KO	199
cmag_037	KO	149
cmag_038	KO	171
cmag_039	KO	239
cmag_040	KO	131
cmag_041	KO	97
cmag_042	KO	155
cmag_043	KO	189
cmag_044	KO	205
cmag_045	KO	239
cmag_046	KO	112
cmag_047	KO	108
cmag_048	KO	165
cmag_049	KO	138
cmag_050	KO	215
cmag_051	KO	84
cmag_052	KO	7
cmag_053	KO	156
cmag_054	KO	37
cmag_055	KO	8
cmag_056	KO	17
cmag_057	KO	73
cmag_058	KO	112
cmag_059	KO	188
cmag_060	KO	163
cmag_061	KO	42
cmag_062	KO	175
cmag_063	KO	146
cmag_064	KO	227
cmag_065	KO	237
cmag_066	KO	191
cmag_067	KO	177
cmag_068	KO	19
cmag_069	KO	21
cmag_070	KO	19
cmag_071	KO	196
cmag_072	KO	47
cmag_073	KO	225
cmag_074	KO	123
cmag_075	KO	180
cmag_076	KO	198
cmag_077	KO	180
cmag_078	KO	189
cmag_079	KO	157
cmag_080	KO	185
cmag_081	KO	181
cmag_082	KO	181
cmag_083	KO	167
cmag_084	KO	159
cmag_085	KO	13
cmag_086	KO	151
cmag_087	KO	207
cmag_088	KO	111
cmag_089	KO	198
cmag_090	KO	26
cmag_091	KO	173
cmag_092	KO	137
cmag_093	KO	42
cmag_094	KO	223
cmag_095	KO	173
cmag_096	KO	148
cmag_097	KO	241
cmag_098	KO	240
cmag_099	KO	166
cmag_100	KO	157
cmag_101	KO	202
cmag_102	KO	205
cmag_103	KO	4
cmag_104	KO	182
cmag_105	KO	227
cmag_106	KO	18
cmag_107	KO	8
cmag_108	KO	119
cmag_109	KO	16
cmag_110	KO	153
cmag_111	KO	109
cmag_112	KO	225
cmag_113	KO	97
cmag_114	KO	125
cmag_115	KO	194
cmag_116	KO	29
cmag_117	KO	174
cmag_118	KO	106
cmag_119	KO	48
cmag_120	KO	208
cmag_121	KO	82
cmag_122	KO	190
cmag_123	KO	201
cmag_124	KO	6
cmag_125	KO	136
cmag_126	KO	218
cmag_127	KO	169
cmag_128	KO	206
cmag_129	KO	147
cmag_130	KO	206
cmag_131	KO	16
cmag_132	KO	35
cmag_133	KO	152
cmag_134	KO	162
cmag_135	KO	152
cmag_136	KO	120
cmag_137	KO	166
cmag_138	KO	192
cmag_139	KO	103
cmag_140	KO	136
cmag_141	KO	7
cmag_142	KO	129
cmag_143	KO	130
cmag_144	KO	15
cmag_145	KO	137
cmag_146	KO	98
cmag_147	KO	195
cmag_148	KO	124
cmag_149	KO	24
cmag_150	KO	19
cmag_151	KO	24
cmag_152	KO	122
cmag_153	KO	208
cmag_154	KO	48
cmag_155	KO	189
cmag_156	KO	113
cmag_157	KO	20
cmag_158	KO	42
cmag_159	KO	201
cmag_160	KO	218
cmag_161	KO	122
cmag_162	KO	226
cmag_163	KO	7
cmag_164	KO	24
cmag_165	KO	40
cmag_166	KO	154
cmag_167	KO	481
cmag_168	KO	219
cmag_169	KO	21
cmag_170	KO	159
cmag_171	KO	38
cmag_172	KO	158
cmag_173	KO	201
cmag_174	KO	79
cmag_175	KO	223
cmag_176	KO	134
cmag_177	KO	180
cmag_178	KO	143
cmag_179	KO	158
cmag_180	KO	160
cmag_181	KO	174
cmag_182	KO	143
cmag_183	KO	36
cmag_184	KO	167
cmag_185	KO	218
cmag_186	KO	206
cmag_187	KO	209
cmag_188	KO	6
cmag_189	KO	20
cmag_190	KO	145
cmag_191	KO	42
cmag_192	KO	18
cmag_193	KO	145
cmag_194	KO	113
cmag_195	KO	60
cmag_196	KO	137
cmag_197	KO	249
cmag_198	KO	206
cmag_199	KO	25
cmag_200	KO	96
cmag_201	KO	109
cmag_202	KO	197
cmag_203	KO	93
cmag_204	KO	97
cmag_205	KO	87
cmag_206	KO	72
cmag_207	KO	204
cmag_208	KO	147
cmag_209	KO	191
cmag_210	KO	26
cmag_211	KO	227
cmag_212	KO	117
cmag_213	KO	24
cmag_214	KO	170
cmag_215	KO	11
cmag_216	KO	257
cmag_217	KO	16
cmag_218	KO	175
cmag_219	KO	217
cmag_220	KO	240
cmag_221	KO	190
cmag_222	KO	99
cmag_223	KO	196
cmag_224	KO	181
cmag_225	KO	136
cmag_226	KO	88
cmag_227	KO	215
cmag_228	KO	248
cmag_229	KO	223
cmag_230	KO	21
cmag_231	KO	111
cmag_232	KO	137
cmag_233	KO	87
cmag_234	KO	51
cmag_235	KO	226
cmag_236	KO	166
cmag_237	KO	152
cmag_238	KO	188
cmag_239	KO	79
cmag_240	KO	166
cmag_241	KO	171
cmag_242	KO	36
cmag_243	KO	124
cmag_244	KO	200
cmag_245	KO	174
cmag_246	KO	118
cmag_247	KO	143
cmag_248	KO	250
cmag_249	KO	14
cmag_250	KO	144
cmag_251	KO	170
cmag_252	KO	165
cmag_253	KO	177
cmag_254	KO	240
cmag_255	KO	196
cmag_256	KO	134
cmag_257	KO	232
cmag_258	KO	170
cmag_259	KO	210
cmag_260	KO	164
cmag_261	KO	37
cmag_262	KO	189
cmag_263	KO	6
cmag_264	KO	22
cmag_265	KO	68
cmag_266	KO	207
cmag_267	KO	156
cmag_268	KO	180
cmag_269	KO	142
cmag_270	KO	58
cmag_271	KO	214
cmag_272	KO	28
cmag_273	KO	129
cmag_275	KO	51
cmag_276	KO	10
cmag_277	KO	175
cmag_278	KO	145
cmag_279	KO	136
cmag_280	KO	8
cmag_281	KO	163
cmag_282	KO	110
cmag_283	KO	114
cmag_284	KO	15
cmag_285	KO	157
cmag_286	KO	125
cmag_287	KO	19
cmag_288	KO	182
cmag_289	KO	133
cmag_290	KO	32
cmag_291	KO	173
cmag_292	KO	65
cmag_293	KO	121
cmag_294	KO	10
cmag_295	KO	217
cmag_296	KO	37
cmag_297	KO	146
cmag_298	KO	191
cmag_299	KO	91
cmag_300	KO	180
cmag_301	KO	18
cmag_302	KO	14
cmag_303	KO	10
cmag_304	KO	155
cmag_305	KO	13
cmag_306	KO	122
cmag_307	KO	30
cmag_308	KO	232
cmag_309	KO	216
cmag_310	KO	206
cmag_311	KO	25
cmag_312	KO	108
cmag_313	KO	57
cmag_314	KO	294
cmag_315	KO	231
cmag_316	KO	8
cmag_317	KO	7
cmag_318	KO	20
cmag_319	KO	18
cmag_320	KO	293
cmag_321	KO	141
cmag_322	KO	196
cmag_323	KO	39
cmag_324	KO	250
cmag_325	KO	211
cmag_326	KO	223
cmag_327	KO	88
cmag_328	KO	138
cmag_329	KO	188
cmag_330	KO	158
cmag_331	KO	114
cmag_332	KO	191
cmag_333	KO	111
cmag_334	KO	39
cmag_335	KO	156
cmag_336	KO	189
cmag_337	KO	217
cmag_338	KO	202
cmag_339	KO	155
cmag_340	KO	39
cmag_341	KO	163
cmag_342	KO	136
cmag_343	KO	135
cmag_344	KO	155
cmag_345	KO	203
cmag_346	KO	133
cmag_347	KO	145
cmag_348	KO	21
cmag_349	KO	227
cmag_350	KO	6
cmag_351	KO	140
cmag_352	KO	167
cmag_353	KO	24
cmag_354	KO	149
cmag_355	KO	149
cmag_356	KO	29
cmag_357	KO	28
cmag_358	KO	33
cmag_359	KO	141
cmag_360	KO	54
cmag_361	KO	211
cmag_362	KO	13
cmag_363	KO	89
cmag_364	KO	235
cmag_365	KO	43
cmag_366	KO	37
cmag_367	KO	43
cmag_368	KO	170
cmag_369	KO	115
cmag_370	KO	184
cmag_371	KO	124
cmag_372	KO	147
cmag_373	KO	216
cmag_374	KO	143
cmag_375	KO	112
cmag_376	KO	32
cmag_377	KO	33
cmag_378	KO	9
cmag_379	KO	182
cmag_380	KO	44
cmag_381	KO	130
cmag_382	KO	165
cmag_383	KO	138
cmag_384	KO	18
cmag_385	KO	83
cmag_386	KO	155
cmag_387	KO	45
cmag_388	KO	7
cmag_389	KO	31
cmag_390	KO	47
cmag_391	KO	131
cmag_392	KO	120
cmag_393	KO	199
cmag_394	KO	102
cmag_395	KO	186
cmag_396	KO	38
cmag_397	KO	116
cmag_398	KO	19
cmag_399	KO	44
cmag_400	KO	144
cmag_401	KO	24
cmag_402	KO	163
cmag_403	KO	210
cmag_404	KO	60
cmag_405	KO	128
cmag_406	KO	136
cmag_407	KO	137
cmag_408	KO	122
cmag_409	KO	160
cmag_410	KO	196
cmag_411	KO	172
cmag_412	KO	134
cmag_413	KO	55
cmag_414	KO	43
cmag_415	KO	229
cmag_416	KO	215
cmag_417	KO	110
cmag_418	KO	224
cmag_419	KO	201
cmag_420	KO	178
cmag_421	KO	278
cmag_422	KO	220
cmag_423	KO	126
cmag_424	KO	177
cmag_425	KO	9
cmag_426	KO	246
cmag_427	KO	217
cmag_428	KO	24
cmag_429	KO	117
cmag_431	KO	144
cmag_432	KO	130
cmag_433	KO	140
cmag_434	KO	79
cmag_435	KO	23
cmag_436	KO	85
cmag_437	KO	151
cmag_438	KO	135
cmag_439	KO	171
cmag_440	KO	125
cmag_441	KO	144
cmag_442	KO	129
cmag_443	KO	26
cmag_444	KO	112
cmag_445	KO	216
cmag_446	KO	151
cmag_447	KO	116
cmag_448	KO	69
cmag_449	KO	16
cmag_450	KO	26
cmag_451	KO	158
cmag_452	KO	185
cmag_453	KO	163
cmag_454	KO	114
cmag_455	KO	132
cmag_456	KO	104
cmag_457	KO	173
cmag_458	KO	69
cmag_459	KO	36
cmag_460	KO	213
cmag_461	KO	138
cmag_462	KO	245
cmag_463	KO	196
cmag_464	KO	102
cmag_465	KO	155
cmag_466	KO	199
cmag_467	KO	157
cmag_468	KO	36
cmag_469	KO	243
cmag_470	KO	172
cmag_471	KO	128
cmag_472	KO	199
cmag_473	KO	194
cmag_474	KO	11
cmag_475	KO	22
cmag_476	KO	227
cmag_477	KO	216
cmag_478	KO	104
cmag_479	KO	142
cmag_480	KO	162
cmag_481	KO	248
cmag_482	KO	108
cmag_483	KO	153
cmag_484	KO	200
cmag_485	KO	7
cmag_486	KO	197
cmag_487	KO	103
cmag_488	KO	184
cmag_489	KO	107
cmag_490	KO	161
cmag_491	KO	107
cmag_492	KO	171
cmag_493	KO	116
cmag_494	KO	147
cmag_495	KO	19
cmag_496	KO	203
cmag_497	KO	7
cmag_498	KO	121
cmag_499	KO	170
cmag_500	KO	117
cmag_501	KO	159
cmag_502	KO	220
cmag_503	KO	165
cmag_504	KO	199
cmag_505	KO	78
cmag_506	KO	106
cmag_507	KO	131
cmag_508	KO	141
cmag_509	KO	84
cmag_510	KO	423
cmag_511	KO	174
cmag_512	KO	20
cmag_513	KO	57
cmag_514	KO	198
cmag_515	KO	139
cmag_516	KO	24
cmag_517	KO	114
cmag_518	KO	21
cmag_519	KO	193
cmag_520	KO	9
cmag_521	KO	33
cmag_522	KO	17
cmag_523	KO	90
cmag_524	KO	138
cmag_525	KO	260
cmag_526	KO	132
cmag_527	KO	33
cmag_528	KO	131
cmag_529	KO	100
cmag_530	KO	225
cmag_531	KO	33
cmag_532	KO	23
cmag_533	KO	99
cmag_534	KO	28
cmag_535	KO	225
cmag_536	KO	128
cmag_537	KO	194
cmag_538	KO	150
cmag_539	KO	149
cmag_540	KO	105
cmag_541	KO	238
cmag_542	KO	203
cmag_543	KO	243
cmag_544	KO	37
cmag_545	KO	177
cmag_546	KO	180
cmag_547	KO	44
cmag_548	KO	116
cmag_549	KO	18
cmag_550	KO	131
cmag_551	KO	152
cmag_552	KO	31
cmag_553	KO	106
cmag_555	KO	19
cmag_556	KO	32
cmag_557	KO	139
cmag_558	KO	265
cmag_559	KO	205
cmag_560	KO	169
cmag_561	KO	19
cmag_562	KO	197
cmag_563	KO	183
cmag_564	KO	186
cmag_565	KO	187
cmag_566	KO	104
cmag_567	KO	165
cmag_568	KO	211
cmag_569	KO	192
cmag_570	KO	231
cmag_571	KO	199
cmag_572	KO	201
cmag_573	KO	231
cmag_574	KO	26
cmag_575	KO	14
cmag_576	KO	158
cmag_577	KO	210
cmag_578	KO	145
cmag_579	KO	19
cmag_580	KO	9
cmag_581	KO	120
cmag_582	KO	12
cmag_583	KO	184
cmag_584	KO	126
cmag_585	KO	96
cmag_586	KO	194
cmag_587	KO	197
cmag_588	KO	61
cmag_589	KO	166
cmag_590	KO	265
cmag_591	KO	162
cmag_592	KO	165
cmag_593	KO	59
cmag_594	KO	207
cmag_595	KO	39
cmag_596	KO	138
cmag_597	KO	262
cmag_598	KO	220
cmag_599	KO	250
cmag_600	KO	38
cmag_601	KO	207
cmag_602	KO	151
cmag_603	KO	197
cmag_604	KO	224
cmag_605	KO	211
cmag_606	KO	76
cmag_607	KO	201
cmag_608	KO	95
cmag_609	KO	116
cmag_610	KO	115
cmag_611	KO	119
cmag_612	KO	181
cmag_613	KO	6
cmag_614	KO	91
cmag_615	KO	283
cmag_616	KO	98
cmag_617	KO	41
cmag_618	KO	41
cmag_619	KO	32
cmag_620	KO	10
cmag_621	KO	212
cmag_622	KO	165
cmag_623	KO	174
cmag_624	KO	72
cmag_625	KO	209
cmag_626	KO	145
cmag_627	KO	205
cmag_628	KO	223
cmag_629	KO	219
cmag_630	KO	4
cmag_631	KO	21
cmag_632	KO	251
cmag_633	KO	20
cmag_634	KO	26
cmag_635	KO	108
cmag_636	KO	136
cmag_637	KO	211
cmag_638	KO	128
cmag_639	KO	228
cmag_640	KO	227
cmag_641	KO	168
cmag_642	KO	88
cmag_643	KO	112
cmag_644	KO	136
cmag_645	KO	8
cmag_646	KO	23
cmag_647	KO	168
cmag_648	KO	51
cmag_649	KO	13
cmag_650	KO	10
cmag_651	KO	132
cmag_652	KO	28
cmag_653	KO	28
cmag_654	KO	28
cmag_655	KO	14
cmag_656	KO	12
cmag_657	KO	9
cmag_658	KO	110
cmag_659	KO	9
cmag_660	KO	37
cmag_661	KO	19
cmag_662	KO	5
cmag_663	KO	135
cmag_664	KO	57
cmag_665	KO	170
cmag_666	KO	26
cmag_667	KO	185
cmag_668	KO	198
cmag_669	KO	172
cmag_670	KO	7
cmag_671	KO	28
cmag_672	KO	180
cmag_673	KO	118
cmag_674	KO	217
cmag_675	KO	210
cmag_676	KO	178
cmag_677	KO	179
cmag_678	KO	135
cmag_679	KO	117
cmag_680	KO	95
cmag_681	KO	115
cmag_682	KO	130
cmag_683	KO	151
cmag_684	KO	230
cmag_685	KO	241
cmag_686	KO	112
cmag_687	KO	22
cmag_688	KO	148
cmag_689	KO	13
cmag_690	KO	104
cmag_691	KO	130
cmag_692	KO	11
cmag_693	KO	110
cmag_694	KO	149
cmag_695	KO	131
cmag_696	KO	124
cmag_697	KO	115
cmag_698	KO	132
cmag_699	KO	167
cmag_700	KO	204
cmag_701	KO	192
cmag_702	KO	137
cmag_703	KO	159
cmag_704	KO	187
cmag_705	KO	184
cmag_706	KO	219
cmag_707	KO	194
cmag_708	KO	144
cmag_709	KO	210
cmag_710	KO	179
cmag_711	KO	149
cmag_712	KO	156
cmag_713	KO	213
cmag_714	KO	109
cmag_715	KO	198
cmag_716	KO	19
cmag_717	KO	157
cmag_718	KO	106
cmag_719	KO	221
cmag_720	KO	133
cmag_721	KO	166
cmag_722	KO	118
cmag_723	KO	204
cmag_724	KO	164
cmag_725	KO	176
cmag_726	KO	36
cmag_727	KO	129
cmag_728	KO	169
cmag_729	KO	199
cmag_730	KO	31
cmag_731	KO	155
cmag_732	KO	219
cmag_733	KO	164
cmag_734	KO	152
cmag_735	KO	18
cmag_736	KO	215
cmag_737	KO	231
cmag_738	KO	232
cmag_739	KO	143
cmag_740	KO	167
cmag_741	KO	15
cmag_742	KO	196
cmag_743	KO	183
cmag_744	KO	37
cmag_745	KO	133
cmag_746	KO	241
cmag_747	KO	23
cmag_748	KO	152
cmag_749	KO	162
cmag_750	KO	230
cmag_751	KO	156
cmag_752	KO	214
cmag_753	KO	53
cmag_754	KO	206
cmag_755	KO	157
cmag_756	KO	19
cmag_757	KO	40
cmag_758	KO	113
cmag_759	KO	158
cmag_760	KO	50
cmag_761	KO	22
cmag_762	KO	33
cmag_763	KO	38
cmag_764	KO	173
cmag_765	KO	31
cmag_766	KO	153
cmag_767	KO	14
cmag_768	KO	173
cmag_769	KO	150
cmag_770	KO	112
cmag_771	KO	174
cmag_772	KO	155
cmag_773	KO	61
cmag_774	KO	190
cmag_775	KO	148
cmag_776	KO	33
cmag_777	KO	223
cmag_778	KO	209
cmag_779	KO	25
cmag_780	KO	126
cmag_781	KO	15
cmag_782	KO	89
cmag_783	KO	195
cmag_784	KO	155
cmag_785	KO	129
cmag_786	KO	140
cmag_787	KO	10
cmag_788	KO	184
cmag_789	KO	201
cmag_790	KO	214
cmag_791	KO	236
cmag_792	KO	38
cmag_793	KO	204
cmag_794	KO	168
cmag_795	KO	266
cmag_796	KO	65
cmag_797	KO	207
cmag_798	KO	173
cmag_799	KO	123
cmag_800	KO	164
cmag_801	KO	183
cmag_802	KO	226
cmag_803	KO	128
cmag_804	KO	32
cmag_805	KO	142
cmag_806	KO	135
cmag_807	KO	7
cmag_808	KO	12
cmag_809	KO	229
cmag_810	KO	39
cmag_811	KO	5
cmag_812	KO	34
cmag_813	KO	136
cmag_814	KO	192
cmag_815	KO	71
cmag_816	KO	215
cmag_817	KO	87
cmag_818	KO	12
cmag_819	KO	19
cmag_820	KO	30
cmag_821	KO	21
cmag_822	KO	177
cmag_823	KO	162
cmag_824	KO	213
cmag_825	KO	205
cmag_001	NCBIFAM	7
cmag_002	NCBIFAM	10
cmag_003	NCBIFAM	1
cmag_006	NCBIFAM	10
cmag_007	NCBIFAM	5
cmag_008	NCBIFAM	3
cmag_009	NCBIFAM	6
cmag_010	NCBIFAM	10
cmag_012	NCBIFAM	7
cmag_017	NCBIFAM	9
cmag_019	NCBIFAM	2
cmag_020	NCBIFAM	8
cmag_021	NCBIFAM	6
cmag_023	NCBIFAM	11
cmag_024	NCBIFAM	10
cmag_025	NCBIFAM	47
cmag_026	NCBIFAM	4
cmag_027	NCBIFAM	3
cmag_028	NCBIFAM	3
cmag_030	NCBIFAM	8
cmag_032	NCBIFAM	3
cmag_033	NCBIFAM	1
cmag_034	NCBIFAM	11
cmag_035	NCBIFAM	10
cmag_036	NCBIFAM	11
cmag_037	NCBIFAM	3
cmag_038	NCBIFAM	8
cmag_039	NCBIFAM	8
cmag_040	NCBIFAM	9
cmag_041	NCBIFAM	1
cmag_042	NCBIFAM	11
cmag_043	NCBIFAM	7
cmag_044	NCBIFAM	18
cmag_045	NCBIFAM	20
cmag_046	NCBIFAM	5
cmag_047	NCBIFAM	3
cmag_048	NCBIFAM	6
cmag_049	NCBIFAM	4
cmag_050	NCBIFAM	10
cmag_051	NCBIFAM	3
cmag_053	NCBIFAM	5
cmag_057	NCBIFAM	2
cmag_058	NCBIFAM	1
cmag_059	NCBIFAM	14
cmag_060	NCBIFAM	3
cmag_062	NCBIFAM	5
cmag_063	NCBIFAM	9
cmag_064	NCBIFAM	12
cmag_065	NCBIFAM	11
cmag_066	NCBIFAM	5
cmag_067	NCBIFAM	5
cmag_071	NCBIFAM	12
cmag_073	NCBIFAM	10
cmag_074	NCBIFAM	1
cmag_075	NCBIFAM	10
cmag_076	NCBIFAM	7
cmag_077	NCBIFAM	9
cmag_078	NCBIFAM	10
cmag_079	NCBIFAM	4
cmag_080	NCBIFAM	13
cmag_081	NCBIFAM	9
cmag_082	NCBIFAM	9
cmag_083	NCBIFAM	7
cmag_084	NCBIFAM	6
cmag_086	NCBIFAM	7
cmag_087	NCBIFAM	11
cmag_088	NCBIFAM	2
cmag_089	NCBIFAM	16
cmag_091	NCBIFAM	7
cmag_092	NCBIFAM	6
cmag_094	NCBIFAM	8
cmag_095	NCBIFAM	10
cmag_096	NCBIFAM	3
cmag_097	NCBIFAM	12
cmag_098	NCBIFAM	11
cmag_099	NCBIFAM	8
cmag_100	NCBIFAM	3
cmag_101	NCBIFAM	9
cmag_102	NCBIFAM	8
cmag_104	NCBIFAM	7
cmag_105	NCBIFAM	9
cmag_108	NCBIFAM	1
cmag_110	NCBIFAM	6
cmag_111	NCBIFAM	7
cmag_112	NCBIFAM	8
cmag_113	NCBIFAM	4
cmag_114	NCBIFAM	5
cmag_115	NCBIFAM	8
cmag_117	NCBIFAM	8
cmag_118	NCBIFAM	3
cmag_120	NCBIFAM	10
cmag_121	NCBIFAM	2
cmag_122	NCBIFAM	12
cmag_123	NCBIFAM	10
cmag_125	NCBIFAM	3
cmag_126	NCBIFAM	12
cmag_127	NCBIFAM	14
cmag_128	NCBIFAM	7
cmag_129	NCBIFAM	7
cmag_130	NCBIFAM	9
cmag_133	NCBIFAM	5
cmag_134	NCBIFAM	11
cmag_135	NCBIFAM	6
cmag_136	NCBIFAM	3
cmag_137	NCBIFAM	7
cmag_138	NCBIFAM	10
cmag_139	NCBIFAM	3
cmag_140	NCBIFAM	3
cmag_142	NCBIFAM	4
cmag_143	NCBIFAM	1
cmag_145	NCBIFAM	1
cmag_146	NCBIFAM	3
cmag_147	NCBIFAM	10
cmag_148	NCBIFAM	4
cmag_152	NCBIFAM	8
cmag_153	NCBIFAM	12
cmag_154	NCBIFAM	1
cmag_155	NCBIFAM	4
cmag_156	NCBIFAM	4
cmag_159	NCBIFAM	10
cmag_160	NCBIFAM	8
cmag_161	NCBIFAM	2
cmag_162	NCBIFAM	12
cmag_166	NCBIFAM	2
cmag_167	NCBIFAM	65
cmag_168	NCBIFAM	6
cmag_170	NCBIFAM	6
cmag_172	NCBIFAM	4
cmag_173	NCBIFAM	11
cmag_174	NCBIFAM	3
cmag_175	NCBIFAM	13
cmag_176	NCBIFAM	5
cmag_177	NCBIFAM	10
cmag_178	NCBIFAM	12
cmag_179	NCBIFAM	7
cmag_180	NCBIFAM	3
cmag_181	NCBIFAM	6
cmag_182	NCBIFAM	4
cmag_184	NCBIFAM	3
cmag_185	NCBIFAM	12
cmag_186	NCBIFAM	6
cmag_187	NCBIFAM	6
cmag_190	NCBIFAM	7
cmag_193	NCBIFAM	4
cmag_194	NCBIFAM	6
cmag_195	NCBIFAM	2
cmag_196	NCBIFAM	4
cmag_197	NCBIFAM	26
cmag_198	NCBIFAM	8
cmag_200	NCBIFAM	6
cmag_201	NCBIFAM	1
cmag_202	NCBIFAM	10
cmag_203	NCBIFAM	1
cmag_204	NCBIFAM	4
cmag_205	NCBIFAM	6
cmag_206	NCBIFAM	6
cmag_207	NCBIFAM	8
cmag_208	NCBIFAM	7
cmag_209	NCBIFAM	6
cmag_211	NCBIFAM	15
cmag_212	NCBIFAM	4
cmag_214	NCBIFAM	7
cmag_216	NCBIFAM	21
cmag_218	NCBIFAM	10
cmag_219	NCBIFAM	9
cmag_220	NCBIFAM	18
cmag_221	NCBIFAM	7
cmag_222	NCBIFAM	1
cmag_223	NCBIFAM	6
cmag_224	NCBIFAM	7
cmag_225	NCBIFAM	10
cmag_226	NCBIFAM	3
cmag_227	NCBIFAM	10
cmag_228	NCBIFAM	12
cmag_229	NCBIFAM	5
cmag_231	NCBIFAM	4
cmag_232	NCBIFAM	5
cmag_233	NCBIFAM	5
cmag_235	NCBIFAM	8
cmag_236	NCBIFAM	3
cmag_237	NCBIFAM	4
cmag_238	NCBIFAM	6
cmag_239	NCBIFAM	2
cmag_240	NCBIFAM	7
cmag_241	NCBIFAM	1
cmag_243	NCBIFAM	7
cmag_244	NCBIFAM	7
cmag_245	NCBIFAM	12
cmag_246	NCBIFAM	2
cmag_247	NCBIFAM	5
cmag_248	NCBIFAM	12
cmag_250	NCBIFAM	9
cmag_251	NCBIFAM	17
cmag_252	NCBIFAM	11
cmag_253	NCBIFAM	13
cmag_254	NCBIFAM	14
cmag_255	NCBIFAM	10
cmag_256	NCBIFAM	1
cmag_257	NCBIFAM	21
cmag_258	NCBIFAM	5
cmag_259	NCBIFAM	8
cmag_260	NCBIFAM	11
cmag_262	NCBIFAM	11
cmag_265	NCBIFAM	7
cmag_266	NCBIFAM	18
cmag_267	NCBIFAM	7
cmag_268	NCBIFAM	10
cmag_269	NCBIFAM	4
cmag_271	NCBIFAM	12
cmag_273	NCBIFAM	10
cmag_275	NCBIFAM	5
cmag_277	NCBIFAM	18
cmag_278	NCBIFAM	5
cmag_279	NCBIFAM	6
cmag_281	NCBIFAM	8
cmag_282	NCBIFAM	2
cmag_283	NCBIFAM	3
cmag_285	NCBIFAM	6
cmag_286	NCBIFAM	2
cmag_288	NCBIFAM	11
cmag_289	NCBIFAM	8
cmag_291	NCBIFAM	5
cmag_293	NCBIFAM	1
cmag_295	NCBIFAM	13
cmag_296	NCBIFAM	1
cmag_297	NCBIFAM	2
cmag_298	NCBIFAM	12
cmag_299	NCBIFAM	3
cmag_300	NCBIFAM	12
cmag_304	NCBIFAM	7
cmag_306	NCBIFAM	6
cmag_308	NCBIFAM	11
cmag_309	NCBIFAM	12
cmag_310	NCBIFAM	10
cmag_312	NCBIFAM	4
cmag_313	NCBIFAM	1
cmag_314	NCBIFAM	12
cmag_315	NCBIFAM	12
cmag_320	NCBIFAM	13
cmag_321	NCBIFAM	2
cmag_322	NCBIFAM	6
cmag_324	NCBIFAM	11
cmag_325	NCBIFAM	9
cmag_326	NCBIFAM	12
cmag_327	NCBIFAM	3
cmag_328	NCBIFAM	6
cmag_329	NCBIFAM	12
cmag_330	NCBIFAM	5
cmag_331	NCBIFAM	3
cmag_332	NCBIFAM	7
cmag_333	NCBIFAM	3
cmag_335	NCBIFAM	8
cmag_336	NCBIFAM	6
cmag_337	NCBIFAM	11
cmag_338	NCBIFAM	11
cmag_339	NCBIFAM	8
cmag_341	NCBIFAM	7
cmag_342	NCBIFAM	5
cmag_343	NCBIFAM	1
cmag_344	NCBIFAM	7
cmag_345	NCBIFAM	11
cmag_346	NCBIFAM	1
cmag_347	NCBIFAM	2
cmag_349	NCBIFAM	12
cmag_351	NCBIFAM	7
cmag_352	NCBIFAM	5
cmag_354	NCBIFAM	2
cmag_355	NCBIFAM	7
cmag_359	NCBIFAM	2
cmag_361	NCBIFAM	10
cmag_363	NCBIFAM	4
cmag_364	NCBIFAM	14
cmag_368	NCBIFAM	6
cmag_369	NCBIFAM	4
cmag_370	NCBIFAM	8
cmag_371	NCBIFAM	3
cmag_372	NCBIFAM	5
cmag_373	NCBIFAM	12
cmag_374	NCBIFAM	4
cmag_375	NCBIFAM	10
cmag_379	NCBIFAM	9
cmag_381	NCBIFAM	1
cmag_382	NCBIFAM	11
cmag_383	NCBIFAM	5
cmag_385	NCBIFAM	1
cmag_386	NCBIFAM	9
cmag_387	NCBIFAM	1
cmag_391	NCBIFAM	4
cmag_392	NCBIFAM	1
cmag_393	NCBIFAM	7
cmag_394	NCBIFAM	9
cmag_395	NCBIFAM	6
cmag_396	NCBIFAM	1
cmag_397	NCBIFAM	3
cmag_400	NCBIFAM	5
cmag_402	NCBIFAM	7
cmag_403	NCBIFAM	8
cmag_405	NCBIFAM	11
cmag_406	NCBIFAM	8
cmag_407	NCBIFAM	6
cmag_408	NCBIFAM	3
cmag_409	NCBIFAM	7
cmag_410	NCBIFAM	12
cmag_411	NCBIFAM	14
cmag_412	NCBIFAM	7
cmag_415	NCBIFAM	13
cmag_416	NCBIFAM	7
cmag_417	NCBIFAM	9
cmag_418	NCBIFAM	10
cmag_419	NCBIFAM	10
cmag_420	NCBIFAM	6
cmag_421	NCBIFAM	15
cmag_422	NCBIFAM	9
cmag_423	NCBIFAM	7
cmag_424	NCBIFAM	9
cmag_426	NCBIFAM	12
cmag_427	NCBIFAM	7
cmag_429	NCBIFAM	4
cmag_431	NCBIFAM	6
cmag_432	NCBIFAM	5
cmag_433	NCBIFAM	6
cmag_434	NCBIFAM	3
cmag_436	NCBIFAM	2
cmag_437	NCBIFAM	2
cmag_438	NCBIFAM	1
cmag_439	NCBIFAM	5
cmag_440	NCBIFAM	4
cmag_441	NCBIFAM	4
cmag_442	NCBIFAM	6
cmag_444	NCBIFAM	1
cmag_445	NCBIFAM	12
cmag_446	NCBIFAM	6
cmag_447	NCBIFAM	9
cmag_451	NCBIFAM	5
cmag_452	NCBIFAM	12
cmag_453	NCBIFAM	12
cmag_454	NCBIFAM	2
cmag_455	NCBIFAM	25
cmag_456	NCBIFAM	2
cmag_457	NCBIFAM	5
cmag_458	NCBIFAM	6
cmag_459	NCBIFAM	8
cmag_460	NCBIFAM	10
cmag_461	NCBIFAM	3
cmag_462	NCBIFAM	12
cmag_463	NCBIFAM	12
cmag_464	NCBIFAM	3
cmag_465	NCBIFAM	7
cmag_466	NCBIFAM	7
cmag_467	NCBIFAM	5
cmag_469	NCBIFAM	9
cmag_470	NCBIFAM	3
cmag_471	NCBIFAM	1
cmag_472	NCBIFAM	12
cmag_473	NCBIFAM	6
cmag_476	NCBIFAM	7
cmag_477	NCBIFAM	8
cmag_478	NCBIFAM	5
cmag_479	NCBIFAM	3
cmag_480	NCBIFAM	6
cmag_481	NCBIFAM	12
cmag_482	NCBIFAM	9
cmag_483	NCBIFAM	7
cmag_484	NCBIFAM	7
cmag_486	NCBIFAM	6
cmag_487	NCBIFAM	9
cmag_488	NCBIFAM	12
cmag_489	NCBIFAM	7
cmag_490	NCBIFAM	13
cmag_491	NCBIFAM	2
cmag_492	NCBIFAM	5
cmag_493	NCBIFAM	4
cmag_494	NCBIFAM	6
cmag_496	NCBIFAM	8
cmag_498	NCBIFAM	1
cmag_499	NCBIFAM	6
cmag_500	NCBIFAM	7
cmag_501	NCBIFAM	10
cmag_502	NCBIFAM	10
cmag_503	NCBIFAM	5
cmag_504	NCBIFAM	13
cmag_505	NCBIFAM	6
cmag_506	NCBIFAM	5
cmag_507	NCBIFAM	1
cmag_508	NCBIFAM	2
cmag_509	NCBIFAM	3
cmag_510	NCBIFAM	56
cmag_511	NCBIFAM	6
cmag_514	NCBIFAM	12
cmag_515	NCBIFAM	2
cmag_517	NCBIFAM	2
cmag_519	NCBIFAM	7
cmag_523	NCBIFAM	3
cmag_524	NCBIFAM	4
cmag_525	NCBIFAM	27
cmag_526	NCBIFAM	7
cmag_528	NCBIFAM	4
cmag_529	NCBIFAM	3
cmag_530	NCBIFAM	12
cmag_531	NCBIFAM	2
cmag_533	NCBIFAM	3
cmag_535	NCBIFAM	7
cmag_536	NCBIFAM	5
cmag_537	NCBIFAM	6
cmag_538	NCBIFAM	7
cmag_539	NCBIFAM	4
cmag_540	NCBIFAM	9
cmag_541	NCBIFAM	12
cmag_542	NCBIFAM	9
cmag_543	NCBIFAM	11
cmag_545	NCBIFAM	6
cmag_546	NCBIFAM	10
cmag_548	NCBIFAM	4
cmag_550	NCBIFAM	2
cmag_551	NCBIFAM	6
cmag_553	NCBIFAM	4
cmag_557	NCBIFAM	8
cmag_558	NCBIFAM	13
cmag_559	NCBIFAM	7
cmag_560	NCBIFAM	4
cmag_562	NCBIFAM	7
cmag_563	NCBIFAM	6
cmag_564	NCBIFAM	10
cmag_565	NCBIFAM	13
cmag_566	NCBIFAM	1
cmag_567	NCBIFAM	4
cmag_568	NCBIFAM	13
cmag_569	NCBIFAM	9
cmag_570	NCBIFAM	8
cmag_571	NCBIFAM	4
cmag_572	NCBIFAM	14
cmag_573	NCBIFAM	11
cmag_576	NCBIFAM	6
cmag_577	NCBIFAM	12
cmag_578	NCBIFAM	3
cmag_581	NCBIFAM	2
cmag_583	NCBIFAM	4
cmag_584	NCBIFAM	4
cmag_585	NCBIFAM	1
cmag_586	NCBIFAM	6
cmag_587	NCBIFAM	7
cmag_589	NCBIFAM	9
cmag_590	NCBIFAM	14
cmag_591	NCBIFAM	5
cmag_592	NCBIFAM	8
cmag_594	NCBIFAM	11
cmag_596	NCBIFAM	6
cmag_597	NCBIFAM	11
cmag_598	NCBIFAM	6
cmag_599	NCBIFAM	11
cmag_601	NCBIFAM	10
cmag_602	NCBIFAM	6
cmag_603	NCBIFAM	4
cmag_604	NCBIFAM	11
cmag_605	NCBIFAM	7
cmag_606	NCBIFAM	1
cmag_607	NCBIFAM	8
cmag_608	NCBIFAM	5
cmag_609	NCBIFAM	3
cmag_610	NCBIFAM	4
cmag_611	NCBIFAM	5
cmag_612	NCBIFAM	10
cmag_615	NCBIFAM	19
cmag_616	NCBIFAM	3
cmag_621	NCBIFAM	12
cmag_622	NCBIFAM	6
cmag_623	NCBIFAM	7
cmag_624	NCBIFAM	3
cmag_625	NCBIFAM	10
cmag_626	NCBIFAM	4
cmag_627	NCBIFAM	9
cmag_628	NCBIFAM	15
cmag_629	NCBIFAM	8
cmag_632	NCBIFAM	11
cmag_635	NCBIFAM	3
cmag_636	NCBIFAM	4
cmag_637	NCBIFAM	10
cmag_638	NCBIFAM	7
cmag_639	NCBIFAM	11
cmag_640	NCBIFAM	9
cmag_641	NCBIFAM	9
cmag_642	NCBIFAM	1
cmag_643	NCBIFAM	4
cmag_644	NCBIFAM	1
cmag_647	NCBIFAM	7
cmag_651	NCBIFAM	3
cmag_658	NCBIFAM	2
cmag_660	NCBIFAM	2
cmag_663	NCBIFAM	10
cmag_665	NCBIFAM	10
cmag_667	NCBIFAM	6
cmag_668	NCBIFAM	9
cmag_669	NCBIFAM	6
cmag_672	NCBIFAM	6
cmag_673	NCBIFAM	5
cmag_674	NCBIFAM	11
cmag_675	NCBIFAM	10
cmag_676	NCBIFAM	10
cmag_677	NCBIFAM	4
cmag_678	NCBIFAM	4
cmag_679	NCBIFAM	2
cmag_680	NCBIFAM	2
cmag_681	NCBIFAM	4
cmag_682	NCBIFAM	2
cmag_683	NCBIFAM	7
cmag_684	NCBIFAM	21
cmag_685	NCBIFAM	15
cmag_686	NCBIFAM	2
cmag_688	NCBIFAM	6
cmag_690	NCBIFAM	9
cmag_691	NCBIFAM	3
cmag_693	NCBIFAM	5
cmag_694	NCBIFAM	7
cmag_695	NCBIFAM	6
cmag_696	NCBIFAM	2
cmag_697	NCBIFAM	4
cmag_698	NCBIFAM	6
cmag_699	NCBIFAM	6
cmag_700	NCBIFAM	8
cmag_701	NCBIFAM	7
cmag_702	NCBIFAM	9
cmag_703	NCBIFAM	12
cmag_704	NCBIFAM	5
cmag_705	NCBIFAM	3
cmag_706	NCBIFAM	9
cmag_707	NCBIFAM	11
cmag_708	NCBIFAM	7
cmag_709	NCBIFAM	10
cmag_710	NCBIFAM	2
cmag_711	NCBIFAM	2
cmag_712	NCBIFAM	10
cmag_713	NCBIFAM	9
cmag_714	NCBIFAM	4
cmag_715	NCBIFAM	12
cmag_717	NCBIFAM	6
cmag_718	NCBIFAM	3
cmag_719	NCBIFAM	9
cmag_720	NCBIFAM	3
cmag_721	NCBIFAM	10
cmag_722	NCBIFAM	5
cmag_723	NCBIFAM	4
cmag_724	NCBIFAM	4
cmag_725	NCBIFAM	9
cmag_727	NCBIFAM	8
cmag_728	NCBIFAM	5
cmag_729	NCBIFAM	8
cmag_731	NCBIFAM	11
cmag_732	NCBIFAM	8
cmag_733	NCBIFAM	4
cmag_734	NCBIFAM	10
cmag_736	NCBIFAM	22
cmag_737	NCBIFAM	14
cmag_738	NCBIFAM	11
cmag_739	NCBIFAM	4
cmag_740	NCBIFAM	11
cmag_742	NCBIFAM	10
cmag_743	NCBIFAM	8
cmag_745	NCBIFAM	3
cmag_746	NCBIFAM	11
cmag_747	NCBIFAM	1
cmag_748	NCBIFAM	7
cmag_749	NCBIFAM	7
cmag_750	NCBIFAM	15
cmag_751	NCBIFAM	5
cmag_752	NCBIFAM	11
cmag_754	NCBIFAM	13
cmag_755	NCBIFAM	7
cmag_758	NCBIFAM	5
cmag_759	NCBIFAM	3
cmag_763	NCBIFAM	2
cmag_764	NCBIFAM	6
cmag_766	NCBIFAM	9
cmag_768	NCBIFAM	5
cmag_769	NCBIFAM	6
cmag_770	NCBIFAM	6
cmag_771	NCBIFAM	8
cmag_772	NCBIFAM	3
cmag_773	NCBIFAM	1
cmag_774	NCBIFAM	8
cmag_775	NCBIFAM	4
cmag_777	NCBIFAM	12
cmag_778	NCBIFAM	4
cmag_780	NCBIFAM	2
cmag_782	NCBIFAM	4
cmag_783	NCBIFAM	10
cmag_784	NCBIFAM	6
cmag_785	NCBIFAM	2
cmag_786	NCBIFAM	7
cmag_788	NCBIFAM	11
cmag_789	NCBIFAM	12
cmag_790	NCBIFAM	12
cmag_791	NCBIFAM	11
cmag_793	NCBIFAM	10
cmag_794	NCBIFAM	10
cmag_795	NCBIFAM	8
cmag_797	NCBIFAM	10
cmag_798	NCBIFAM	10
cmag_799	NCBIFAM	1
cmag_800	NCBIFAM	5
cmag_801	NCBIFAM	13
cmag_802	NCBIFAM	12
cmag_803	NCBIFAM	3
cmag_805	NCBIFAM	5
cmag_806	NCBIFAM	3
cmag_809	NCBIFAM	9
cmag_813	NCBIFAM	1
cmag_814	NCBIFAM	10
cmag_815	NCBIFAM	6
cmag_816	NCBIFAM	10
cmag_817	NCBIFAM	1
cmag_822	NCBIFAM	9
cmag_823	NCBIFAM	7
cmag_824	NCBIFAM	10
cmag_825	NCBIFAM	11
cmag_157	PFAM	1
cmag_319	PFAM	1
cmag_001	TIGRFAM	1
cmag_006	TIGRFAM	1
cmag_012	TIGRFAM	1
cmag_021	TIGRFAM	1
cmag_022	TIGRFAM	1
cmag_023	TIGRFAM	1
cmag_024	TIGRFAM	2
cmag_025	TIGRFAM	1
cmag_034	TIGRFAM	2
cmag_035	TIGRFAM	2
cmag_036	TIGRFAM	1
cmag_038	TIGRFAM	1
cmag_039	TIGRFAM	1
cmag_043	TIGRFAM	1
cmag_045	TIGRFAM	1
cmag_050	TIGRFAM	1
cmag_053	TIGRFAM	1
cmag_059	TIGRFAM	1
cmag_062	TIGRFAM	1
cmag_064	TIGRFAM	1
cmag_065	TIGRFAM	2
cmag_066	TIGRFAM	1
cmag_073	TIGRFAM	1
cmag_075	TIGRFAM	1
cmag_076	TIGRFAM	1
cmag_078	TIGRFAM	1
cmag_079	TIGRFAM	1
cmag_080	TIGRFAM	2
cmag_082	TIGRFAM	1
cmag_084	TIGRFAM	1
cmag_086	TIGRFAM	1
cmag_087	TIGRFAM	1
cmag_088	TIGRFAM	1
cmag_091	TIGRFAM	1
cmag_094	TIGRFAM	1
cmag_095	TIGRFAM	1
cmag_097	TIGRFAM	1
cmag_098	TIGRFAM	1
cmag_099	TIGRFAM	1
cmag_101	TIGRFAM	2
cmag_111	TIGRFAM	1
cmag_112	TIGRFAM	1
cmag_113	TIGRFAM	1
cmag_115	TIGRFAM	2
cmag_126	TIGRFAM	1
cmag_127	TIGRFAM	2
cmag_128	TIGRFAM	2
cmag_130	TIGRFAM	1
cmag_133	TIGRFAM	1
cmag_135	TIGRFAM	1
cmag_136	TIGRFAM	1
cmag_137	TIGRFAM	2
cmag_138	TIGRFAM	1
cmag_147	TIGRFAM	1
cmag_153	TIGRFAM	2
cmag_160	TIGRFAM	1
cmag_162	TIGRFAM	2
cmag_167	TIGRFAM	3
cmag_168	TIGRFAM	1
cmag_170	TIGRFAM	1
cmag_175	TIGRFAM	1
cmag_176	TIGRFAM	1
cmag_179	TIGRFAM	1
cmag_184	TIGRFAM	1
cmag_185	TIGRFAM	1
cmag_197	TIGRFAM	1
cmag_198	TIGRFAM	1
cmag_200	TIGRFAM	1
cmag_201	TIGRFAM	1
cmag_202	TIGRFAM	1
cmag_204	TIGRFAM	1
cmag_207	TIGRFAM	2
cmag_211	TIGRFAM	1
cmag_212	TIGRFAM	2
cmag_216	TIGRFAM	1
cmag_218	TIGRFAM	1
cmag_219	TIGRFAM	1
cmag_220	TIGRFAM	1
cmag_224	TIGRFAM	1
cmag_225	TIGRFAM	1
cmag_227	TIGRFAM	1
cmag_228	TIGRFAM	1
cmag_229	TIGRFAM	1
cmag_235	TIGRFAM	1
cmag_236	TIGRFAM	1
cmag_238	TIGRFAM	3
cmag_239	TIGRFAM	1
cmag_240	TIGRFAM	1
cmag_241	TIGRFAM	1
cmag_245	TIGRFAM	1
cmag_252	TIGRFAM	1
cmag_255	TIGRFAM	1
cmag_258	TIGRFAM	2
cmag_262	TIGRFAM	1
cmag_269	TIGRFAM	1
cmag_273	TIGRFAM	1
cmag_277	TIGRFAM	1
cmag_278	TIGRFAM	2
cmag_285	TIGRFAM	1
cmag_288	TIGRFAM	1
cmag_291	TIGRFAM	1
cmag_295	TIGRFAM	2
cmag_298	TIGRFAM	1
cmag_306	TIGRFAM	1
cmag_309	TIGRFAM	1
cmag_310	TIGRFAM	1
cmag_312	TIGRFAM	1
cmag_315	TIGRFAM	2
cmag_324	TIGRFAM	2
cmag_325	TIGRFAM	1
cmag_326	TIGRFAM	1
cmag_329	TIGRFAM	1
cmag_331	TIGRFAM	1
cmag_332	TIGRFAM	1
cmag_333	TIGRFAM	1
cmag_335	TIGRFAM	1
cmag_336	TIGRFAM	1
cmag_337	TIGRFAM	1
cmag_338	TIGRFAM	1
cmag_341	TIGRFAM	1
cmag_347	TIGRFAM	1
cmag_349	TIGRFAM	1
cmag_355	TIGRFAM	1
cmag_361	TIGRFAM	1
cmag_364	TIGRFAM	1
cmag_370	TIGRFAM	1
cmag_373	TIGRFAM	2
cmag_382	TIGRFAM	1
cmag_395	TIGRFAM	1
cmag_400	TIGRFAM	1
cmag_402	TIGRFAM	1
cmag_405	TIGRFAM	1
cmag_406	TIGRFAM	1
cmag_407	TIGRFAM	1
cmag_409	TIGRFAM	1
cmag_410	TIGRFAM	1
cmag_418	TIGRFAM	2
cmag_426	TIGRFAM	1
cmag_427	TIGRFAM	2
cmag_440	TIGRFAM	1
cmag_446	TIGRFAM	1
cmag_452	TIGRFAM	1
cmag_453	TIGRFAM	1
cmag_457	TIGRFAM	1
cmag_460	TIGRFAM	1
cmag_463	TIGRFAM	1
cmag_467	TIGRFAM	1
cmag_470	TIGRFAM	3
cmag_472	TIGRFAM	1
cmag_476	TIGRFAM	2
cmag_477	TIGRFAM	1
cmag_481	TIGRFAM	1
cmag_482	TIGRFAM	1
cmag_483	TIGRFAM	1
cmag_488	TIGRFAM	2
cmag_490	TIGRFAM	1
cmag_494	TIGRFAM	1
cmag_496	TIGRFAM	1
cmag_499	TIGRFAM	1
cmag_501	TIGRFAM	1
cmag_502	TIGRFAM	2
cmag_504	TIGRFAM	1
cmag_506	TIGRFAM	1
cmag_508	TIGRFAM	1
cmag_510	TIGRFAM	1
cmag_519	TIGRFAM	1
cmag_525	TIGRFAM	1
cmag_526	TIGRFAM	1
cmag_529	TIGRFAM	2
cmag_536	TIGRFAM	1
cmag_537	TIGRFAM	1
cmag_538	TIGRFAM	1
cmag_539	TIGRFAM	1
cmag_542	TIGRFAM	2
cmag_545	TIGRFAM	2
cmag_546	TIGRFAM	1
cmag_548	TIGRFAM	1
cmag_557	TIGRFAM	1
cmag_560	TIGRFAM	1
cmag_564	TIGRFAM	1
cmag_565	TIGRFAM	1
cmag_567	TIGRFAM	2
cmag_568	TIGRFAM	1
cmag_569	TIGRFAM	1
cmag_570	TIGRFAM	1
cmag_571	TIGRFAM	1
cmag_572	TIGRFAM	1
cmag_573	TIGRFAM	1
cmag_577	TIGRFAM	2
cmag_583	TIGRFAM	1
cmag_586	TIGRFAM	1
cmag_587	TIGRFAM	1
cmag_589	TIGRFAM	2
cmag_590	TIGRFAM	1
cmag_592	TIGRFAM	2
cmag_594	TIGRFAM	1
cmag_601	TIGRFAM	1
cmag_603	TIGRFAM	3
cmag_604	TIGRFAM	2
cmag_605	TIGRFAM	1
cmag_607	TIGRFAM	1
cmag_621	TIGRFAM	1
cmag_625	TIGRFAM	1
cmag_627	TIGRFAM	1
cmag_628	TIGRFAM	1
cmag_629	TIGRFAM	2
cmag_640	TIGRFAM	1
cmag_641	TIGRFAM	1
cmag_643	TIGRFAM	1
cmag_647	TIGRFAM	1
cmag_665	TIGRFAM	1
cmag_667	TIGRFAM	2
cmag_668	TIGRFAM	1
cmag_669	TIGRFAM	1
cmag_672	TIGRFAM	1
cmag_673	TIGRFAM	1
cmag_675	TIGRFAM	1
cmag_680	TIGRFAM	1
cmag_683	TIGRFAM	1
cmag_685	TIGRFAM	1
cmag_694	TIGRFAM	1
cmag_697	TIGRFAM	1
cmag_699	TIGRFAM	1
cmag_700	TIGRFAM	1
cmag_702	TIGRFAM	1
cmag_704	TIGRFAM	1
cmag_705	TIGRFAM	2
cmag_706	TIGRFAM	1
cmag_707	TIGRFAM	2
cmag_709	TIGRFAM	1
cmag_710	TIGRFAM	1
cmag_711	TIGRFAM	1
cmag_713	TIGRFAM	1
cmag_715	TIGRFAM	1
cmag_717	TIGRFAM	1
cmag_724	TIGRFAM	2
cmag_725	TIGRFAM	1
cmag_732	TIGRFAM	1
cmag_736	TIGRFAM	1
cmag_737	TIGRFAM	1
cmag_742	TIGRFAM	1
cmag_746	TIGRFAM	2
cmag_748	TIGRFAM	1
cmag_749	TIGRFAM	2
cmag_750	TIGRFAM	1
cmag_751	TIGRFAM	1
cmag_752	TIGRFAM	2
cmag_755	TIGRFAM	1
cmag_758	TIGRFAM	1
cmag_764	TIGRFAM	1
cmag_769	TIGRFAM	1
cmag_777	TIGRFAM	2
cmag_778	TIGRFAM	3
cmag_783	TIGRFAM	1
cmag_786	TIGRFAM	1
cmag_788	TIGRFAM	2
cmag_789	TIGRFAM	1
cmag_790	TIGRFAM	1
cmag_791	TIGRFAM	1
cmag_793	TIGRFAM	1
cmag_794	TIGRFAM	1
cmag_795	TIGRFAM	2
cmag_797	TIGRFAM	2
cmag_799	TIGRFAM	1
cmag_800	TIGRFAM	1
cmag_801	TIGRFAM	1
cmag_802	TIGRFAM	1
cmag_809	TIGRFAM	2
cmag_816	TIGRFAM	1
cmag_822	TIGRFAM	1
cmag_823	TIGRFAM	2
cmag_824	TIGRFAM	1
cmag_825	TIGRFAM	1
