namespace	accession	status	family_type
NCBIFAM	NF000689.1	current	equivalog
NCBIFAM	NF001209.0	current	equivalog
NCBIFAM	NF001610.0	current	equivalog
NCBIFAM	NF001611.0	current	equivalog
NCBIFAM	NF001613.0	current	equivalog
NCBIFAM	NF001682.0	current	equivalog
NCBIFAM	NF001685.0	current	equivalog
NCBIFAM	NF002537.0	current	equivalog
NCBIFAM	NF002997.0	current	equivalog
NCBIFAM	NF003358.0	current	equivalog
NCBIFAM	NF003776.0	current	equivalog
NCBIFAM	NF004057.0	current	equivalog
NCBIFAM	NF004058.0	current	equivalog
NCBIFAM	NF004059.0	current	equivalog
NCBIFAM	NF004060.0	current	equivalog
NCBIFAM	NF004061.0	current	equivalog
NCBIFAM	NF004062.0	current	equivalog
NCBIFAM	NF004063.0	current	equivalog
NCBIFAM	NF004423.0	current	equivalog
NCBIFAM	NF004614.0	current	equivalog
NCBIFAM	NF004619.0	current	equivalog
NCBIFAM	NF004647.0	current	equivalog
NCBIFAM	NF004648.0	current	equivalog
NCBIFAM	NF004703.2	current	equivalog
NCBIFAM	NF004704.2	current	equivalog
NCBIFAM	NF004705.1	current	equivalog
NCBIFAM	NF004901.0	current	equivalog
NCBIFAM	NF005074.0	current	equivalog
NCBIFAM	NF005444.0	current	equivalog
NCBIFAM	NF005492.0	current	equivalog
NCBIFAM	NF005967.0	current	equivalog
NCBIFAM	NF005968.0	current	equivalog
NCBIFAM	NF005969.0	current	equivalog
NCBIFAM	NF005970.0	current	equivalog
NCBIFAM	NF005971.0	current	equivalog
NCBIFAM	NF005996.1	current	equivalog
NCBIFAM	NF006136.0	current	equivalog
NCBIFAM	NF006137.0	current	equivalog
NCBIFAM	NF006449.0	current	equivalog
NCBIFAM	NF006916.0	current	equivalog
NCBIFAM	NF007604.0	current	equivalog
NCBIFAM	NF007605.2	current	equivalog
NCBIFAM	NF007608.0	current	equivalog
NCBIFAM	NF008062.1	current	equivalog
NCBIFAM	NF008142.0	current	equivalog
NCBIFAM	NF008143.0	current	equivalog
NCBIFAM	NF008144.0	current	equivalog
NCBIFAM	NF008220.0	current	equivalog
NCBIFAM	NF008371.0	current	equivalog
NCBIFAM	NF008759.0	current	equivalog
NCBIFAM	NF008841.0	current	equivalog
NCBIFAM	NF008843.0	current	equivalog
NCBIFAM	NF008845.0	current	equivalog
NCBIFAM	NF008907.0	current	equivalog
NCBIFAM	NF009022.0	current	equivalog
NCBIFAM	NF009081.0	current	equivalog
NCBIFAM	NF009259.0	current	equivalog
NCBIFAM	NF009835.0	current	equivalog
NCBIFAM	NF010134.0	current	equivalog
NCBIFAM	NF011615.0	current	equivalog
NCBIFAM	NF011645.0	current	equivalog
NCBIFAM	NF011854.0	current	equivalog
NCBIFAM	NF012017.0	current	equivalog
NCBIFAM	NF037980.1	current	equivalog
NCBIFAM	NF038054.1	current	equivalog
NCBIFAM	NF040576.1	current	equivalog
NCBIFAM	NF040695.1	current	equivalog
NCBIFAM	NF040707.3	current	equivalog
NCBIFAM	NF040708.3	current	equivalog
NCBIFAM	NF041128.1	current	equivalog
NCBIFAM	NF041712.1	current	equivalog
NCBIFAM	NF041713.1	current	equivalog
NCBIFAM	NF046058.1	current	equivalog
NCBIFAM	NF046059.1	current	equivalog
NCBIFAM	NF047396.1	current	equivalog
NCBIFAM	NF052359.1	current	equivalog
NCBIFAM	NF052360.1	current	equivalog
NCBIFAM	NF052589.1	current	equivalog
NCBIFAM	NF052590.1	current	equivalog
NCBIFAM	NF052591.1	current	equivalog
NCBIFAM	NF053530.1	current	equivalog_domain
NCBIFAM	NF053595.1	current	equivalog
NCBIFAM	NF058587.1	current	equivalog
NCBIFAM	NF058591.1	current	equivalog
NCBIFAM	TIGR00109.1	current	equivalog
NCBIFAM	TIGR00221.1	current	equivalog
NCBIFAM	TIGR00502.1	current	equivalog
NCBIFAM	TIGR00562.1	current	equivalog
NCBIFAM	TIGR00715.1	current	equivalog
NCBIFAM	TIGR00718.1	current	equivalog
NCBIFAM	TIGR00719.1	current	equivalog
NCBIFAM	TIGR00720.1	current	equivalog
NCBIFAM	TIGR01001.2	current	equivalog
NCBIFAM	TIGR01089.1	current	equivalog
NCBIFAM	TIGR01102.1	current	equivalog
NCBIFAM	TIGR01261.1	current	equivalog_domain
NCBIFAM	TIGR01327.1	current	equivalog
NCBIFAM	TIGR01346.1	current	equivalog
NCBIFAM	TIGR01399.1	current	equivalog
NCBIFAM	TIGR01401.1	current	equivalog
NCBIFAM	TIGR01403.1	current	equivalog
NCBIFAM	TIGR01404.2	current	equivalog
NCBIFAM	TIGR01465.1	current	equivalog
NCBIFAM	TIGR01466.1	current	equivalog_domain
NCBIFAM	TIGR01467.1	current	equivalog
NCBIFAM	TIGR01608.1	current	equivalog
NCBIFAM	TIGR01707.1	current	equivalog
NCBIFAM	TIGR01708.2	current	equivalog
NCBIFAM	TIGR01709.2	current	equivalog
NCBIFAM	TIGR01710.1	current	equivalog
NCBIFAM	TIGR01711.1	current	equivalog
NCBIFAM	TIGR01713.1	current	equivalog
NCBIFAM	TIGR01998.1	current	equivalog_domain
NCBIFAM	TIGR02057.1	current	equivalog
NCBIFAM	TIGR02067.1	current	equivalog
NCBIFAM	TIGR02105.1	current	equivalog
NCBIFAM	TIGR02120.1	current	equivalog
NCBIFAM	TIGR02500.1	current	equivalog
NCBIFAM	TIGR02516.1	current	equivalog
NCBIFAM	TIGR02517.1	current	equivalog
NCBIFAM	TIGR02533.1	current	equivalog
NCBIFAM	TIGR02544.1	current	equivalog
NCBIFAM	TIGR02546.1	current	equivalog
NCBIFAM	TIGR02551.1	current	equivalog
NCBIFAM	TIGR02554.1	current	equivalog
NCBIFAM	TIGR03002.1	current	equivalog
NCBIFAM	TIGR03188.1	current	equivalog_domain
NCBIFAM	TIGR03216.1	current	equivalog
NCBIFAM	TIGR03345.1	current	equivalog
NCBIFAM	TIGR03347.1	current	equivalog
NCBIFAM	TIGR03348.1	current	equivalog
NCBIFAM	TIGR03352.1	current	equivalog
NCBIFAM	TIGR03353.2	current	equivalog
NCBIFAM	TIGR03355.1	current	equivalog
NCBIFAM	TIGR03357.1	current	equivalog
NCBIFAM	TIGR03358.1	current	equivalog
NCBIFAM	TIGR03359.1	current	equivalog
NCBIFAM	TIGR03362.1	current	equivalog
NCBIFAM	TIGR03363.1	current	equivalog
NCBIFAM	TIGR04406.1	current	equivalog
NCBIFAM	TIGR04407.1	current	equivalog
NCBIFAM	TIGR04408.1	current	equivalog
NCBIFAM	TIGR04409.1	current	equivalog
NCBIFAM	TIGR04545.1	current	equivalog
NCBIFAM	TIGR04546.1	current	equivalog
CAZY	AA10	current	
CAZY	AA10_e1	current	
CAZY	AA10_e12	current	
CAZY	AA10_e44	current	
CAZY	AA10_e49	current	
CAZY	AA10_e58	current	
CAZY	AA10_e66	current	
CAZY	CE1	current	
CAZY	CE1_e20	current	
CAZY	CE1_e4	current	
CAZY	CE12	current	
CAZY	CE12_e45	current	
CAZY	CE2	current	
CAZY	CE3	current	
CAZY	CE4	current	
CAZY	CE4_e262	current	
CAZY	CE4_e58	current	
CAZY	CE5	current	
CAZY	CE5_e24	current	
CAZY	CE6	current	
CAZY	CE6_e2	current	
CAZY	CE6_e3	current	
CAZY	CE7	current	
CAZY	CE7_e11	current	
CAZY	CE7_e23	current	
CAZY	CE7_e33	current	
CAZY	CE8	current	
CAZY	CE8_e1	current	
CAZY	CE8_e105	current	
CAZY	CE8_e14	current	
CAZY	CE8_e16	current	
CAZY	CE8_e19	current	
CAZY	CE8_e22	current	
CAZY	CE8_e24	current	
CAZY	CE8_e30	current	
CAZY	CE8_e32	current	
CAZY	CE8_e38	current	
CAZY	CE8_e43	current	
CAZY	CE8_e47	current	
CAZY	CE8_e52	current	
CAZY	CE8_e6	current	
CAZY	CE8_e61	current	
CAZY	CE8_e62	current	
CAZY	CE8_e78	current	
CAZY	CE8_e84	current	
CAZY	CE8_e99	current	
CAZY	GH1	current	
CAZY	GH10	current	
CAZY	GH10_e0	current	
CAZY	GH10_e10	current	
CAZY	GH10_e101	current	
CAZY	GH10_e103	current	
CAZY	GH10_e105	current	
CAZY	GH10_e109	current	
CAZY	GH10_e112	current	
CAZY	GH10_e118	current	
CAZY	GH10_e12	current	
CAZY	GH10_e130	current	
CAZY	GH10_e134	current	
CAZY	GH10_e135	current	
CAZY	GH10_e137	current	
CAZY	GH10_e141	current	
CAZY	GH10_e143	current	
CAZY	GH10_e144	current	
CAZY	GH10_e148	current	
CAZY	GH10_e170	current	
CAZY	GH10_e188	current	
CAZY	GH10_e19	current	
CAZY	GH10_e191	current	
CAZY	GH10_e20	current	
CAZY	GH10_e204	current	
CAZY	GH10_e21	current	
CAZY	GH10_e225	current	
CAZY	GH10_e25	current	
CAZY	GH10_e250	current	
CAZY	GH10_e3	current	
CAZY	GH10_e30	current	
CAZY	GH10_e38	current	
CAZY	GH10_e40	current	
CAZY	GH10_e43	current	
CAZY	GH10_e5	current	
CAZY	GH10_e50	current	
CAZY	GH10_e52	current	
CAZY	GH10_e53	current	
CAZY	GH10_e58	current	
CAZY	GH10_e6	current	
CAZY	GH10_e60	current	
CAZY	GH10_e64	current	
CAZY	GH10_e67	current	
CAZY	GH10_e75	current	
CAZY	GH10_e77	current	
CAZY	GH10_e78	current	
CAZY	GH10_e8	current	
CAZY	GH10_e83	current	
CAZY	GH10_e85	current	
CAZY	GH10_e88	current	
CAZY	GH10_e90	current	
CAZY	GH10_e96	current	
CAZY	GH10_e97	current	
CAZY	GH10_e98	current	
CAZY	GH109	current	
CAZY	GH109_e0	current	
CAZY	GH109_e1	current	
CAZY	GH11	current	
CAZY	GH11_e0	current	
CAZY	GH11_e10	current	
CAZY	GH11_e11	current	
CAZY	GH11_e13	current	
CAZY	GH11_e14	current	
CAZY	GH11_e15	current	
CAZY	GH11_e16	current	
CAZY	GH11_e17	current	
CAZY	GH11_e2	current	
CAZY	GH11_e20	current	
CAZY	GH11_e22	current	
CAZY	GH11_e23	current	
CAZY	GH11_e24	current	
CAZY	GH11_e39	current	
CAZY	GH11_e42	current	
CAZY	GH11_e5	current	
CAZY	GH11_e7	current	
CAZY	GH11_e8	current	
CAZY	GH116	current	
CAZY	GH119	current	
CAZY	GH119_e2	current	
CAZY	GH120	current	
CAZY	GH120_e0	current	
CAZY	GH122	current	
CAZY	GH126	current	
CAZY	GH13	current	
CAZY	GH13_e108	current	
CAZY	GH13_e113	current	
CAZY	GH13_e122	current	
CAZY	GH13_e124	current	
CAZY	GH13_e13	current	
CAZY	GH13_e130	current	
CAZY	GH13_e139	current	
CAZY	GH13_e143	current	
CAZY	GH13_e146	current	
CAZY	GH13_e160	current	
CAZY	GH13_e165	current	
CAZY	GH13_e172	current	
CAZY	GH13_e173	current	
CAZY	GH13_e18	current	
CAZY	GH13_e180	current	
CAZY	GH13_e183	current	
CAZY	GH13_e19	current	
CAZY	GH13_e205	current	
CAZY	GH13_e206	current	
CAZY	GH13_e221	current	
CAZY	GH13_e23	current	
CAZY	GH13_e234	current	
CAZY	GH13_e240	current	
CAZY	GH13_e245	current	
CAZY	GH13_e248	current	
CAZY	GH13_e25	current	
CAZY	GH13_e250	current	
CAZY	GH13_e276	current	
CAZY	GH13_e278	current	
CAZY	GH13_e300	current	
CAZY	GH13_e302	current	
CAZY	GH13_e303	current	
CAZY	GH13_e307	current	
CAZY	GH13_e315	current	
CAZY	GH13_e329	current	
CAZY	GH13_e34	current	
CAZY	GH13_e345	current	
CAZY	GH13_e346	current	
CAZY	GH13_e347	current	
CAZY	GH13_e348	current	
CAZY	GH13_e349	current	
CAZY	GH13_e354	current	
CAZY	GH13_e380	current	
CAZY	GH13_e381	current	
CAZY	GH13_e386	current	
CAZY	GH13_e387	current	
CAZY	GH13_e389	current	
CAZY	GH13_e392	current	
CAZY	GH13_e406	current	
CAZY	GH13_e409	current	
CAZY	GH13_e413	current	
CAZY	GH13_e419	current	
CAZY	GH13_e42	current	
CAZY	GH13_e443	current	
CAZY	GH13_e446	current	
CAZY	GH13_e462	current	
CAZY	GH13_e465	current	
CAZY	GH13_e47	current	
CAZY	GH13_e484	current	
CAZY	GH13_e486	current	
CAZY	GH13_e491	current	
CAZY	GH13_e493	current	
CAZY	GH13_e497	current	
CAZY	GH13_e5	current	
CAZY	GH13_e500	current	
CAZY	GH13_e61	current	
CAZY	GH13_e94	current	
CAZY	GH14_e6	current	
CAZY	GH141	current	
CAZY	GH151_e0	current	
CAZY	GH16_e14	current	
CAZY	GH18	current	
CAZY	GH18_e1	current	
CAZY	GH18_e104	current	
CAZY	GH18_e111	current	
CAZY	GH18_e121	current	
CAZY	GH18_e14	current	
CAZY	GH18_e147	current	
CAZY	GH18_e148	current	
CAZY	GH18_e151	current	
CAZY	GH18_e154	current	
CAZY	GH18_e164	current	
CAZY	GH18_e175	current	
CAZY	GH18_e177	current	
CAZY	GH18_e184	current	
CAZY	GH18_e187	current	
CAZY	GH18_e19	current	
CAZY	GH18_e193	current	
CAZY	GH18_e196	current	
CAZY	GH18_e2	current	
CAZY	GH18_e20	current	
CAZY	GH18_e211	current	
CAZY	GH18_e224	current	
CAZY	GH18_e231	current	
CAZY	GH18_e236	current	
CAZY	GH18_e253	current	
CAZY	GH18_e258	current	
CAZY	GH18_e26	current	
CAZY	GH18_e260	current	
CAZY	GH18_e263	current	
CAZY	GH18_e272	current	
CAZY	GH18_e285	current	
CAZY	GH18_e287	current	
CAZY	GH18_e3	current	
CAZY	GH18_e325	current	
CAZY	GH18_e327	current	
CAZY	GH18_e334	current	
CAZY	GH18_e338	current	
CAZY	GH18_e342	current	
CAZY	GH18_e347	current	
CAZY	GH18_e348	current	
CAZY	GH18_e354	current	
CAZY	GH18_e373	current	
CAZY	GH18_e392	current	
CAZY	GH18_e4	current	
CAZY	GH18_e401	current	
CAZY	GH18_e428	current	
CAZY	GH18_e431	current	
CAZY	GH18_e521	current	
CAZY	GH18_e66	current	
CAZY	GH18_e672	current	
CAZY	GH18_e69	current	
CAZY	GH18_e72	current	
CAZY	GH18_e77	current	
CAZY	GH18_e80	current	
CAZY	GH18_e81	current	
CAZY	GH18_e83	current	
CAZY	GH18_e830	current	
CAZY	GH18_e834	current	
CAZY	GH18_e91	current	
CAZY	GH18_e95	current	
CAZY	GH19	current	
CAZY	GH19_e1	current	
CAZY	GH19_e113	current	
CAZY	GH19_e143	current	
CAZY	GH19_e169	current	
CAZY	GH19_e18	current	
CAZY	GH19_e27	current	
CAZY	GH19_e5	current	
CAZY	GH19_e81	current	
CAZY	GH2	current	
CAZY	GH20	current	
CAZY	GH20_e0	current	
CAZY	GH20_e1	current	
CAZY	GH20_e10	current	
CAZY	GH20_e105	current	
CAZY	GH20_e107	current	
CAZY	GH20_e114	current	
CAZY	GH20_e12	current	
CAZY	GH20_e13	current	
CAZY	GH20_e132	current	
CAZY	GH20_e137	current	
CAZY	GH20_e143	current	
CAZY	GH20_e146	current	
CAZY	GH20_e167	current	
CAZY	GH20_e18	current	
CAZY	GH20_e182	current	
CAZY	GH20_e214	current	
CAZY	GH20_e22	current	
CAZY	GH20_e35	current	
CAZY	GH20_e45	current	
CAZY	GH20_e49	current	
CAZY	GH20_e51	current	
CAZY	GH20_e57	current	
CAZY	GH20_e61	current	
CAZY	GH20_e70	current	
CAZY	GH20_e71	current	
CAZY	GH20_e74	current	
CAZY	GH20_e77	current	
CAZY	GH20_e80	current	
CAZY	GH20_e93	current	
CAZY	GH20_e95	current	
CAZY	GH20_e97	current	
CAZY	GH26_e54	current	
CAZY	GH28	current	
CAZY	GH28_e0	current	
CAZY	GH28_e1	current	
CAZY	GH28_e107	current	
CAZY	GH28_e120	current	
CAZY	GH28_e125	current	
CAZY	GH28_e130	current	
CAZY	GH28_e200	current	
CAZY	GH28_e250	current	
CAZY	GH28_e29	current	
CAZY	GH28_e295	current	
CAZY	GH28_e45	current	
CAZY	GH28_e56	current	
CAZY	GH28_e58	current	
CAZY	GH28_e61	current	
CAZY	GH28_e67	current	
CAZY	GH28_e70	current	
CAZY	GH28_e75	current	
CAZY	GH28_e86	current	
CAZY	GH28_e98	current	
CAZY	GH29	current	
CAZY	GH29_e1	current	
CAZY	GH29_e124	current	
CAZY	GH29_e126	current	
CAZY	GH29_e13	current	
CAZY	GH29_e149	current	
CAZY	GH29_e17	current	
CAZY	GH29_e29	current	
CAZY	GH29_e30	current	
CAZY	GH29_e53	current	
CAZY	GH29_e70	current	
CAZY	GH29_e79	current	
CAZY	GH29_e8	current	
CAZY	GH29_e81	current	
CAZY	GH29_e85	current	
CAZY	GH3	current	
CAZY	GH3_e0	current	
CAZY	GH3_e165	current	
CAZY	GH3_e21	current	
CAZY	GH3_e32	current	
CAZY	GH3_e50	current	
CAZY	GH3_e73	current	
CAZY	GH3_e88	current	
CAZY	GH30	current	
CAZY	GH30_e138	current	
CAZY	GH30_e145	current	
CAZY	GH30_e48	current	
CAZY	GH30_e78	current	
CAZY	GH31	current	
CAZY	GH31_e102	current	
CAZY	GH31_e177	current	
CAZY	GH31_e22	current	
CAZY	GH31_e39	current	
CAZY	GH31_e41	current	
CAZY	GH31_e42	current	
CAZY	GH31_e56	current	
CAZY	GH31_e7	current	
CAZY	GH31_e73	current	
CAZY	GH31_e78	current	
CAZY	GH31_e82	current	
CAZY	GH33	current	
CAZY	GH33_e105	current	
CAZY	GH33_e121	current	
CAZY	GH33_e129	current	
CAZY	GH33_e130	current	
CAZY	GH33_e131	current	
CAZY	GH33_e132	current	
CAZY	GH33_e135	current	
CAZY	GH33_e163	current	
CAZY	GH33_e197	current	
CAZY	GH33_e22	current	
CAZY	GH33_e41	current	
CAZY	GH33_e5	current	
CAZY	GH33_e66	current	
CAZY	GH33_e75	current	
CAZY	GH33_e77	current	
CAZY	GH33_e9	current	
CAZY	GH33_e91	current	
CAZY	GH39	current	
CAZY	GH39_e131	current	
CAZY	GH39_e264	current	
CAZY	GH39_e57	current	
CAZY	GH39_e74	current	
CAZY	GH4	current	
CAZY	GH4_e14	current	
CAZY	GH4_e30	current	
CAZY	GH4_e34	current	
CAZY	GH4_e6	current	
CAZY	GH43	current	
CAZY	GH43_e0	current	
CAZY	GH43_e118	current	
CAZY	GH43_e124	current	
CAZY	GH43_e159	current	
CAZY	GH43_e173	current	
CAZY	GH43_e188	current	
CAZY	GH43_e194	current	
CAZY	GH43_e2	current	
CAZY	GH43_e239	current	
CAZY	GH43_e259	current	
CAZY	GH43_e261	current	
CAZY	GH43_e264	current	
CAZY	GH43_e285	current	
CAZY	GH43_e311	current	
CAZY	GH43_e327	current	
CAZY	GH43_e330	current	
CAZY	GH43_e398	current	
CAZY	GH43_e429	current	
CAZY	GH43_e459	current	
CAZY	GH43_e52	current	
CAZY	GH43_e53	current	
CAZY	GH43_e532	current	
CAZY	GH43_e59	current	
CAZY	GH43_e67	current	
CAZY	GH43_e79	current	
CAZY	GH43_e84	current	
CAZY	GH44	current	
CAZY	GH5	current	
CAZY	GH5_e130	current	
CAZY	GH5_e141	current	
CAZY	GH5_e243	current	
CAZY	GH5_e288	current	
CAZY	GH5_e29	current	
CAZY	GH5_e319	current	
CAZY	GH5_e55	current	
CAZY	GH5_e77	current	
CAZY	GH51	current	
CAZY	GH51_e0	current	
CAZY	GH51_e1	current	
CAZY	GH51_e19	current	
CAZY	GH51_e26	current	
CAZY	GH51_e31	current	
CAZY	GH51_e34	current	
CAZY	GH51_e35	current	
CAZY	GH51_e36	current	
CAZY	GH51_e4	current	
CAZY	GH51_e47	current	
CAZY	GH51_e51	current	
CAZY	GH51_e65	current	
CAZY	GH51_e9	current	
CAZY	GH52	current	
CAZY	GH52_e0	current	
CAZY	GH54	current	
CAZY	GH54_e0	current	
CAZY	GH57	current	
CAZY	GH57_e11	current	
CAZY	GH57_e15	current	
CAZY	GH57_e30	current	
CAZY	GH57_e63	current	
CAZY	GH62	current	
CAZY	GH62_e0	current	
CAZY	GH62_e1	current	
CAZY	GH62_e9	current	
CAZY	GH63	current	
CAZY	GH63_e1	current	
CAZY	GH76	current	
CAZY	GH8	current	
CAZY	GH8_e19	current	
CAZY	GH8_e37	current	
CAZY	GH8_e9	current	
CAZY	GH9	current	
CAZY	GH9_e16	current	
CAZY	GH95	current	
CAZY	GH95_e0	current	
CAZY	GH95_e2	current	
CAZY	GH95_e21	current	
CAZY	GH95_e26	current	
CAZY	GH95_e3	current	
CAZY	GH97	current	
CAZY	GH97_e22	current	
CAZY	GH98	current	
CAZY	GH98_e0	current	
CAZY	PL1	current	
CAZY	PL1_e103	current	
CAZY	PL1_e108	current	
CAZY	PL1_e124	current	
CAZY	PL1_e16	current	
CAZY	PL1_e163	current	
CAZY	PL1_e165	current	
CAZY	PL1_e18	current	
CAZY	PL1_e2	current	
CAZY	PL1_e20	current	
CAZY	PL1_e25	current	
CAZY	PL1_e3	current	
CAZY	PL1_e33	current	
CAZY	PL1_e36	current	
CAZY	PL1_e4	current	
CAZY	PL1_e51	current	
CAZY	PL1_e53	current	
CAZY	PL1_e60	current	
CAZY	PL1_e67	current	
CAZY	PL1_e68	current	
CAZY	PL1_e71	current	
CAZY	PL1_e73	current	
CAZY	PL1_e75	current	
CAZY	PL1_e79	current	
CAZY	PL1_e8	current	
CAZY	PL1_e88	current	
CAZY	PL10	current	
CAZY	PL10_e2	current	
CAZY	PL10_e5	current	
CAZY	PL2	current	
CAZY	PL2_e0	current	
CAZY	PL2_e1	current	
CAZY	PL3	current	
CAZY	PL3_e0	current	
CAZY	PL3_e10	current	
CAZY	PL3_e12	current	
CAZY	PL3_e16	current	
CAZY	PL3_e18	current	
CAZY	PL3_e8	current	
CAZY	PL3_e9	current	
CAZY	PL9	current	
CAZY	PL9_e1	current	
CAZY	PL9_e23	current	
CAZY	PL9_e31	current	
CAZY	PL9_e8	current	
