namespace	accession	score_type	threshold	rule
KO	K00003	domain	274.07	KOfam adaptive threshold
KO	K00013	full	467.23	KOfam adaptive threshold
KO	K00014	domain	274.67	KOfam adaptive threshold
KO	K00016	full	326.33	KOfam adaptive threshold
KO	K00024	domain	356.87	KOfam adaptive threshold
KO	K00025	full	544.37	KOfam adaptive threshold
KO	K00026	full	502.03	KOfam adaptive threshold
KO	K00030	full	442.53	KOfam adaptive threshold
KO	K00031	domain	97.37	KOfam adaptive threshold
KO	K00040	full	587.27	KOfam adaptive threshold
KO	K00041	full	272.13	KOfam adaptive threshold
KO	K00048	full	575.8	KOfam adaptive threshold
KO	K00052	full	419.1	KOfam adaptive threshold
KO	K00053	full	72.97	KOfam adaptive threshold
KO	K00058	full	324.53	KOfam adaptive threshold
KO	K00065	domain	332.77	KOfam adaptive threshold
KO	K00074	domain	414.43	KOfam adaptive threshold
KO	K00077	full	77.83	KOfam adaptive threshold
KO	K00082	full	350.83	KOfam adaptive threshold
KO	K00088	full	360.53	KOfam adaptive threshold
KO	K00097	domain	423.4	KOfam adaptive threshold
KO	K00108	full	740.4	KOfam adaptive threshold
KO	K00116	full	183.87	KOfam adaptive threshold
KO	K00130	domain	682.23	KOfam adaptive threshold
KO	K00133	full	220.47	KOfam adaptive threshold
KO	K00135	domain	593.83	KOfam adaptive threshold
KO	K00139	full	819.83	KOfam adaptive threshold
KO	K00145	full	152.2	KOfam adaptive threshold
KO	K00147	full	549.53	KOfam adaptive threshold
KO	K00161	full	419.93	KOfam adaptive threshold
KO	K00162	full	492.73	KOfam adaptive threshold
KO	K00163	full	343.3	KOfam adaptive threshold
KO	K00164	domain	1242.5	KOfam adaptive threshold
KO	K00169	domain	300.1	KOfam adaptive threshold
KO	K00170	full	351.13	KOfam adaptive threshold
KO	K00171	domain	103.23	KOfam adaptive threshold
KO	K00172	full	189.5	KOfam adaptive threshold
KO	K00174	full	261.57	KOfam adaptive threshold
KO	K00175	domain	234.17	KOfam adaptive threshold
KO	K00211	full	429.8	KOfam adaptive threshold
KO	K00215	full	131.03	KOfam adaptive threshold
KO	K00216	domain	240.97	KOfam adaptive threshold
KO	K00221	full	148	KOfam adaptive threshold
KO	K00226	domain	251.33	KOfam adaptive threshold
KO	K00228	full	65.13	KOfam adaptive threshold
KO	K00230	full	69.47	KOfam adaptive threshold
KO	K00231	domain	135.07	KOfam adaptive threshold
KO	K00234	full	1162	KOfam adaptive threshold
KO	K00235	full	486.07	KOfam adaptive threshold
KO	K00239	domain	637.13	KOfam adaptive threshold
KO	K00240	domain	169.07	KOfam adaptive threshold
KO	K00244	full	682.93	KOfam adaptive threshold
KO	K00245	full	296.43	KOfam adaptive threshold
KO	K00248	domain	520	KOfam adaptive threshold
KO	K00254	domain	177.37	KOfam adaptive threshold
KO	K00259	domain	305.27	KOfam adaptive threshold
KO	K00260	domain	633.33	KOfam adaptive threshold
KO	K00261	full	536.17	KOfam adaptive threshold
KO	K00262	domain	440.87	KOfam adaptive threshold
KO	K00265	domain	1986.63	KOfam adaptive threshold
KO	K00266	domain	539.23	KOfam adaptive threshold
KO	K00275	full	35.27	KOfam adaptive threshold
KO	K00278	full	549.77	KOfam adaptive threshold
KO	K00284	full	2290	KOfam adaptive threshold
KO	K00286	full	172.87	KOfam adaptive threshold
KO	K00287	full	57.7	KOfam adaptive threshold
KO	K00301	domain	420.1	KOfam adaptive threshold
KO	K00302	full	1339	KOfam adaptive threshold
KO	K00303	full	640.83	KOfam adaptive threshold
KO	K00304	full	113.63	KOfam adaptive threshold
KO	K00305	domain	140.93	KOfam adaptive threshold
KO	K00309	domain	776.07	KOfam adaptive threshold
KO	K00315	full	780.3	KOfam adaptive threshold
KO	K00362	domain	1283.83	KOfam adaptive threshold
KO	K00363	domain	141.37	KOfam adaptive threshold
KO	K00365	full	216.93	KOfam adaptive threshold
KO	K00366	full	594.6	KOfam adaptive threshold
KO	K00367	domain	1039.03	KOfam adaptive threshold
KO	K00372	domain	1012.5	KOfam adaptive threshold
KO	K00380	full	540	KOfam adaptive threshold
KO	K00381	domain	514.67	KOfam adaptive threshold
KO	K00382	full	465.03	KOfam adaptive threshold
KO	K00392	full	601.6	KOfam adaptive threshold
KO	K00435	domain	244.23	KOfam adaptive threshold
KO	K00446	full	243.73	KOfam adaptive threshold
KO	K00466	full	462.83	KOfam adaptive threshold
KO	K00479	full	565.83	KOfam adaptive threshold
KO	K00499	full	383	KOfam adaptive threshold
KO	K00520	full	469.97	KOfam adaptive threshold
KO	K00548	domain	264.2	KOfam adaptive threshold
KO	K00549	full	38.4	KOfam adaptive threshold
KO	K00575	domain	142.6	KOfam adaptive threshold
KO	K00589	full	480.27	KOfam adaptive threshold
KO	K00595	full	221.63	KOfam adaptive threshold
KO	K00600	full	85.4	KOfam adaptive threshold
KO	K00601	domain	239.33	KOfam adaptive threshold
KO	K00602	full	115.03	KOfam adaptive threshold
KO	K00606	full	91.73	KOfam adaptive threshold
KO	K00608	full	760.17	KOfam adaptive threshold
KO	K00609	domain	243.93	KOfam adaptive threshold
KO	K00611	domain	274.2	KOfam adaptive threshold
KO	K00618	full	401.7	KOfam adaptive threshold
KO	K00619	domain	171.27	KOfam adaptive threshold
KO	K00620	full	169	KOfam adaptive threshold
KO	K00625	domain	390.17	KOfam adaptive threshold
KO	K00626	full	511.2	KOfam adaptive threshold
KO	K00627	domain	488.3	KOfam adaptive threshold
KO	K00640	domain	93.67	KOfam adaptive threshold
KO	K00641	domain	83.83	KOfam adaptive threshold
KO	K00651	domain	262.87	KOfam adaptive threshold
KO	K00652	domain	461.4	KOfam adaptive threshold
KO	K00656	full	375.17	KOfam adaptive threshold
KO	K00658	domain	457.43	KOfam adaptive threshold
KO	K00674	full	165.57	KOfam adaptive threshold
KO	K00762	domain	173.47	KOfam adaptive threshold
KO	K00763	full	96.97	KOfam adaptive threshold
KO	K00764	full	186.1	KOfam adaptive threshold
KO	K00765	full	52.3	KOfam adaptive threshold
KO	K00766	full	95.5	KOfam adaptive threshold
KO	K00767	full	216.57	KOfam adaptive threshold
KO	K00768	full	97.43	KOfam adaptive threshold
KO	K00788	domain	164.33	KOfam adaptive threshold
KO	K00793	full	52	KOfam adaptive threshold
KO	K00794	full	48	KOfam adaptive threshold
KO	K00796	full	245.67	KOfam adaptive threshold
KO	K00798	domain	35.4	KOfam adaptive threshold
KO	K00800	domain	261.57	KOfam adaptive threshold
KO	K00812	domain	462.23	KOfam adaptive threshold
KO	K00813	domain	533.93	KOfam adaptive threshold
KO	K00814	full	404.87	KOfam adaptive threshold
KO	K00817	full	283.47	KOfam adaptive threshold
KO	K00818	domain	574.07	KOfam adaptive threshold
KO	K00821	domain	490.17	KOfam adaptive threshold
KO	K00826	full	192.43	KOfam adaptive threshold
KO	K00831	full	125.37	KOfam adaptive threshold
KO	K00832	domain	574.83	KOfam adaptive threshold
KO	K00833	domain	428.27	KOfam adaptive threshold
KO	K00835	full	359.2	KOfam adaptive threshold
KO	K00836	full	443.67	KOfam adaptive threshold
KO	K00841	full	495.07	KOfam adaptive threshold
KO	K00848	full	287.87	KOfam adaptive threshold
KO	K00849	full	363.13	KOfam adaptive threshold
KO	K00853	domain	397.53	KOfam adaptive threshold
KO	K00854	full	275.87	KOfam adaptive threshold
KO	K00860	domain	331.57	KOfam adaptive threshold
KO	K00872	domain	216.5	KOfam adaptive threshold
KO	K00874	full	240.57	KOfam adaptive threshold
KO	K00878	domain	89.6	KOfam adaptive threshold
KO	K00879	full	345.8	KOfam adaptive threshold
KO	K00884	full	207.1	KOfam adaptive threshold
KO	K00885	full	308.07	KOfam adaptive threshold
KO	K00891	domain	131.53	KOfam adaptive threshold
KO	K00925	domain	121.83	KOfam adaptive threshold
KO	K00926	domain	101.67	KOfam adaptive threshold
KO	K00928	domain	351.97	KOfam adaptive threshold
KO	K00930	domain	214.07	KOfam adaptive threshold
KO	K00931	domain	283.93	KOfam adaptive threshold
KO	K00932	full	628.53	KOfam adaptive threshold
KO	K00941	full	324.27	KOfam adaptive threshold
KO	K00950	domain	40.4	KOfam adaptive threshold
KO	K00955	full	768.3	KOfam adaptive threshold
KO	K00956	domain	526.47	KOfam adaptive threshold
KO	K00957	domain	187.97	KOfam adaptive threshold
KO	K00958	domain	275.23	KOfam adaptive threshold
KO	K00965	full	64.83	KOfam adaptive threshold
KO	K00969	full	125.63	KOfam adaptive threshold
KO	K01003	full	279.97	KOfam adaptive threshold
KO	K01012	full	160.47	KOfam adaptive threshold
KO	K01026	full	334.2	KOfam adaptive threshold
KO	K01031	domain	337.67	KOfam adaptive threshold
KO	K01032	domain	319.43	KOfam adaptive threshold
KO	K01051	full	124.13	KOfam adaptive threshold
KO	K01055	domain	292.13	KOfam adaptive threshold
KO	K01069	domain	156.13	KOfam adaptive threshold
KO	K01079	full	138.67	KOfam adaptive threshold
KO	K01089	full	347.33	KOfam adaptive threshold
KO	K01153	full	162.47	KOfam adaptive threshold
KO	K01154	full	44.5	KOfam adaptive threshold
KO	K01176	full	235.03	KOfam adaptive threshold
KO	K01181	full	108.53	KOfam adaptive threshold
KO	K01183	domain	115.6	KOfam adaptive threshold
KO	K01184	domain	470.13	KOfam adaptive threshold
KO	K01186	full	258.07	KOfam adaptive threshold
KO	K01187	domain	314.3	KOfam adaptive threshold
KO	K01198	domain	325.83	KOfam adaptive threshold
KO	K01200	full	686.43	KOfam adaptive threshold
KO	K01204	full	629.6	KOfam adaptive threshold
KO	K01206	full	47.8	KOfam adaptive threshold
KO	K01207	domain	251.33	KOfam adaptive threshold
KO	K01209	domain	88.8	KOfam adaptive threshold
KO	K01213	domain	504.83	KOfam adaptive threshold
KO	K01252	full	317.97	KOfam adaptive threshold
KO	K01387	domain	186.63	KOfam adaptive threshold
KO	K01426	domain	298.43	KOfam adaptive threshold
KO	K01428	full	596	KOfam adaptive threshold
KO	K01429	domain	173.33	KOfam adaptive threshold
KO	K01430	domain	180.4	KOfam adaptive threshold
KO	K01438	domain	290.73	KOfam adaptive threshold
KO	K01439	full	282.83	KOfam adaptive threshold
KO	K01443	domain	101.13	KOfam adaptive threshold
KO	K01465	domain	323.13	KOfam adaptive threshold
KO	K01466	full	362.83	KOfam adaptive threshold
KO	K01468	full	222.3	KOfam adaptive threshold
KO	K01470	full	70.47	KOfam adaptive threshold
KO	K01477	full	167.7	KOfam adaptive threshold
KO	K01478	full	162.1	KOfam adaptive threshold
KO	K01479	full	232.2	KOfam adaptive threshold
KO	K01483	full	50.37	KOfam adaptive threshold
KO	K01492	full	892.13	KOfam adaptive threshold
KO	K01495	full	52.37	KOfam adaptive threshold
KO	K01496	domain	189.97	KOfam adaptive threshold
KO	K01497	domain	151.63	KOfam adaptive threshold
KO	K01498	full	278.7	KOfam adaptive threshold
KO	K01523	domain	125.77	KOfam adaptive threshold
KO	K01571	domain	813.93	KOfam adaptive threshold
KO	K01575	full	79.7	KOfam adaptive threshold
KO	K01579	full	42.73	KOfam adaptive threshold
KO	K01580	domain	327.6	KOfam adaptive threshold
KO	K01586	full	331.4	KOfam adaptive threshold
KO	K01587	full	326.1	KOfam adaptive threshold
KO	K01588	domain	114.97	KOfam adaptive threshold
KO	K01589	domain	263.37	KOfam adaptive threshold
KO	K01591	domain	126.97	KOfam adaptive threshold
KO	K01599	full	185.9	KOfam adaptive threshold
KO	K01609	domain	316.33	KOfam adaptive threshold
KO	K01616	full	1329.43	KOfam adaptive threshold
KO	K01617	full	297.33	KOfam adaptive threshold
KO	K01625	full	194.47	KOfam adaptive threshold
KO	K01626	full	34.8	KOfam adaptive threshold
KO	K01628	full	210.73	KOfam adaptive threshold
KO	K01629	full	168.83	KOfam adaptive threshold
KO	K01633	domain	95.7	KOfam adaptive threshold
KO	K01637	full	248.27	KOfam adaptive threshold
KO	K01638	full	102.93	KOfam adaptive threshold
KO	K01639	full	228.87	KOfam adaptive threshold
KO	K01643	full	400.77	KOfam adaptive threshold
KO	K01644	domain	141.63	KOfam adaptive threshold
KO	K01646	domain	68.47	KOfam adaptive threshold
KO	K01647	full	428.43	KOfam adaptive threshold
KO	K01649	full	467.3	KOfam adaptive threshold
KO	K01652	full	477.9	KOfam adaptive threshold
KO	K01656	full	775.47	KOfam adaptive threshold
KO	K01657	full	470.5	KOfam adaptive threshold
KO	K01658	domain	237.63	KOfam adaptive threshold
KO	K01659	full	468.47	KOfam adaptive threshold
KO	K01661	full	384.33	KOfam adaptive threshold
KO	K01663	full	373.33	KOfam adaptive threshold
KO	K01665	domain	487.83	KOfam adaptive threshold
KO	K01666	full	158.13	KOfam adaptive threshold
KO	K01667	full	679.73	KOfam adaptive threshold
KO	K01676	full	349.47	KOfam adaptive threshold
KO	K01677	domain	309.3	KOfam adaptive threshold
KO	K01678	domain	233.67	KOfam adaptive threshold
KO	K01679	full	620.43	KOfam adaptive threshold
KO	K01681	full	1371.97	KOfam adaptive threshold
KO	K01682	full	660.43	KOfam adaptive threshold
KO	K01685	full	570.03	KOfam adaptive threshold
KO	K01686	full	128.37	KOfam adaptive threshold
KO	K01687	full	591.17	KOfam adaptive threshold
KO	K01692	domain	338.97	KOfam adaptive threshold
KO	K01693	full	293.33	KOfam adaptive threshold
KO	K01694	full	859.67	KOfam adaptive threshold
KO	K01695	full	82.1	KOfam adaptive threshold
KO	K01696	domain	608.57	KOfam adaptive threshold
KO	K01697	domain	442.07	KOfam adaptive threshold
KO	K01699	full	894.07	KOfam adaptive threshold
KO	K01702	full	1101.37	KOfam adaptive threshold
KO	K01703	full	473.07	KOfam adaptive threshold
KO	K01704	domain	122.4	KOfam adaptive threshold
KO	K01712	full	262.8	KOfam adaptive threshold
KO	K01713	domain	233.53	KOfam adaptive threshold
KO	K01714	domain	256.5	KOfam adaptive threshold
KO	K01715	domain	333.7	KOfam adaptive threshold
KO	K01728	full	176.8	KOfam adaptive threshold
KO	K01730	domain	109.07	KOfam adaptive threshold
KO	K01731	full	725.23	KOfam adaptive threshold
KO	K01732	full	220	KOfam adaptive threshold
KO	K01733	full	241.1	KOfam adaptive threshold
KO	K01735	full	297.3	KOfam adaptive threshold
KO	K01736	full	190.27	KOfam adaptive threshold
KO	K01738	domain	427.2	KOfam adaptive threshold
KO	K01739	full	417.07	KOfam adaptive threshold
KO	K01740	domain	416.3	KOfam adaptive threshold
KO	K01745	full	412.23	KOfam adaptive threshold
KO	K01752	full	78.17	KOfam adaptive threshold
KO	K01754	domain	266.17	KOfam adaptive threshold
KO	K01755	full	179.23	KOfam adaptive threshold
KO	K01756	full	314.2	KOfam adaptive threshold
KO	K01758	full	585.67	KOfam adaptive threshold
KO	K01759	domain	76.13	KOfam adaptive threshold
KO	K01760	full	504.07	KOfam adaptive threshold
KO	K01761	full	502.37	KOfam adaptive threshold
KO	K01772	full	56.77	KOfam adaptive threshold
KO	K01777	domain	445.33	KOfam adaptive threshold
KO	K01778	full	75.97	KOfam adaptive threshold
KO	K01784	domain	243.3	KOfam adaptive threshold
KO	K01785	full	49.03	KOfam adaptive threshold
KO	K01788	full	91.1	KOfam adaptive threshold
KO	K01804	full	200.87	KOfam adaptive threshold
KO	K01805	domain	96.7	KOfam adaptive threshold
KO	K01812	full	180.47	KOfam adaptive threshold
KO	K01813	full	518	KOfam adaptive threshold
KO	K01814	domain	246.17	KOfam adaptive threshold
KO	K01815	full	160.83	KOfam adaptive threshold
KO	K01817	domain	208.03	KOfam adaptive threshold
KO	K01818	full	216	KOfam adaptive threshold
KO	K01820	full	453.87	KOfam adaptive threshold
KO	K01821	domain	25.7	KOfam adaptive threshold
KO	K01851	full	567.17	KOfam adaptive threshold
KO	K01856	full	365.83	KOfam adaptive threshold
KO	K01899	full	567.27	KOfam adaptive threshold
KO	K01900	full	645.53	KOfam adaptive threshold
KO	K01902	domain	398.43	KOfam adaptive threshold
KO	K01903	domain	497.63	KOfam adaptive threshold
KO	K01910	full	228.3	KOfam adaptive threshold
KO	K01911	domain	335.63	KOfam adaptive threshold
KO	K01912	domain	254.07	KOfam adaptive threshold
KO	K01914	full	144.6	KOfam adaptive threshold
KO	K01915	domain	48.07	KOfam adaptive threshold
KO	K01916	domain	276.73	KOfam adaptive threshold
KO	K01918	full	96.17	KOfam adaptive threshold
KO	K01923	domain	172.67	KOfam adaptive threshold
KO	K01933	domain	152.2	KOfam adaptive threshold
KO	K01935	full	124.57	KOfam adaptive threshold
KO	K01937	full	99	KOfam adaptive threshold
KO	K01939	domain	83.17	KOfam adaptive threshold
KO	K01940	full	216.17	KOfam adaptive threshold
KO	K01945	domain	129.8	KOfam adaptive threshold
KO	K01950	full	474.6	KOfam adaptive threshold
KO	K01951	full	107.6	KOfam adaptive threshold
KO	K01952	full	589.67	KOfam adaptive threshold
KO	K01953	full	93.63	KOfam adaptive threshold
KO	K01954	full	2262.13	KOfam adaptive threshold
KO	K01955	full	1478.23	KOfam adaptive threshold
KO	K01956	domain	527.3	KOfam adaptive threshold
KO	K02036	domain	264.13	KOfam adaptive threshold
KO	K02037	domain	255.9	KOfam adaptive threshold
KO	K02038	domain	244.6	KOfam adaptive threshold
KO	K02039	domain	139.57	KOfam adaptive threshold
KO	K02040	domain	54.07	KOfam adaptive threshold
KO	K02083	domain	545.67	KOfam adaptive threshold
KO	K02188	full	126.13	KOfam adaptive threshold
KO	K02189	domain	88.1	KOfam adaptive threshold
KO	K02190	full	130.8	KOfam adaptive threshold
KO	K02191	domain	206.23	KOfam adaptive threshold
KO	K02203	full	146.8	KOfam adaptive threshold
KO	K02204	full	135.67	KOfam adaptive threshold
KO	K02224	domain	90.27	KOfam adaptive threshold
KO	K02225	full	269.77	KOfam adaptive threshold
KO	K02226	domain	166.7	KOfam adaptive threshold
KO	K02227	full	88.87	KOfam adaptive threshold
KO	K02228	full	137.83	KOfam adaptive threshold
KO	K02229	full	250.43	KOfam adaptive threshold
KO	K02230	full	1023.2	KOfam adaptive threshold
KO	K02231	domain	37.23	KOfam adaptive threshold
KO	K02232	full	244.53	KOfam adaptive threshold
KO	K02233	full	51.93	KOfam adaptive threshold
KO	K02302	full	419.37	KOfam adaptive threshold
KO	K02303	full	257.23	KOfam adaptive threshold
KO	K02304	domain	174.57	KOfam adaptive threshold
KO	K02361	domain	367.1	KOfam adaptive threshold
KO	K02362	full	101	KOfam adaptive threshold
KO	K02363	domain	762.23	KOfam adaptive threshold
KO	K02364	domain	1435.3	KOfam adaptive threshold
KO	K02387	domain	70.6	KOfam adaptive threshold
KO	K02388	domain	63.5	KOfam adaptive threshold
KO	K02390	domain	182.17	KOfam adaptive threshold
KO	K02391	full	233.83	KOfam adaptive threshold
KO	K02392	full	292.33	KOfam adaptive threshold
KO	K02393	full	46.87	KOfam adaptive threshold
KO	K02394	full	176.23	KOfam adaptive threshold
KO	K02396	domain	93.6	KOfam adaptive threshold
KO	K02397	full	149.63	KOfam adaptive threshold
KO	K02400	full	726.83	KOfam adaptive threshold
KO	K02401	domain	369.33	KOfam adaptive threshold
KO	K02406	full	132.53	KOfam adaptive threshold
KO	K02407	full	67.13	KOfam adaptive threshold
KO	K02408	full	33.2	KOfam adaptive threshold
KO	K02409	full	125.6	KOfam adaptive threshold
KO	K02410	full	73.77	KOfam adaptive threshold
KO	K02411	domain	75.47	KOfam adaptive threshold
KO	K02412	domain	643.83	KOfam adaptive threshold
KO	K02416	domain	87.93	KOfam adaptive threshold
KO	K02417	domain	64.53	KOfam adaptive threshold
KO	K02419	full	284.4	KOfam adaptive threshold
KO	K02420	full	86.3	KOfam adaptive threshold
KO	K02421	full	168.77	KOfam adaptive threshold
KO	K02495	domain	255.73	KOfam adaptive threshold
KO	K02496	full	115.73	KOfam adaptive threshold
KO	K02500	full	331.9	KOfam adaptive threshold
KO	K02501	domain	232.37	KOfam adaptive threshold
KO	K02548	full	217.57	KOfam adaptive threshold
KO	K02549	domain	212.13	KOfam adaptive threshold
KO	K02551	domain	240.23	KOfam adaptive threshold
KO	K02552	full	368.77	KOfam adaptive threshold
KO	K02554	domain	338.37	KOfam adaptive threshold
KO	K02556	full	96.53	KOfam adaptive threshold
KO	K02557	domain	141.9	KOfam adaptive threshold
KO	K02564	full	97.77	KOfam adaptive threshold
KO	K02585	full	194.6	KOfam adaptive threshold
KO	K02586	domain	558.1	KOfam adaptive threshold
KO	K02587	domain	494.83	KOfam adaptive threshold
KO	K02588	full	365.53	KOfam adaptive threshold
KO	K02591	domain	424.9	KOfam adaptive threshold
KO	K02592	domain	458.53	KOfam adaptive threshold
KO	K02609	full	157.7	KOfam adaptive threshold
KO	K02610	full	60.67	KOfam adaptive threshold
KO	K02611	full	177.07	KOfam adaptive threshold
KO	K02612	full	120.27	KOfam adaptive threshold
KO	K02613	full	365.63	KOfam adaptive threshold
KO	K02615	full	758.2	KOfam adaptive threshold
KO	K02618	full	693.07	KOfam adaptive threshold
KO	K02619	domain	189.5	KOfam adaptive threshold
KO	K02650	domain	87.9	KOfam adaptive threshold
KO	K02652	full	717.33	KOfam adaptive threshold
KO	K02653	full	441.87	KOfam adaptive threshold
KO	K02654	full	130.97	KOfam adaptive threshold
KO	K02655	full	96.4	KOfam adaptive threshold
KO	K02656	domain	109.63	KOfam adaptive threshold
KO	K02662	full	115.67	KOfam adaptive threshold
KO	K02663	domain	78.5	KOfam adaptive threshold
KO	K02664	domain	63.83	KOfam adaptive threshold
KO	K02665	domain	107.4	KOfam adaptive threshold
KO	K02666	full	458.07	KOfam adaptive threshold
KO	K02669	domain	472.8	KOfam adaptive threshold
KO	K02803	domain	97.53	KOfam adaptive threshold
KO	K02804	domain	629.3	KOfam adaptive threshold
KO	K02823	full	238.2	KOfam adaptive threshold
KO	K02858	domain	365.97	KOfam adaptive threshold
KO	K03077	domain	238.67	KOfam adaptive threshold
KO	K03119	full	330.23	KOfam adaptive threshold
KO	K03147	full	569.73	KOfam adaptive threshold
KO	K03149	domain	153.43	KOfam adaptive threshold
KO	K03150	full	201.87	KOfam adaptive threshold
KO	K03153	domain	256.8	KOfam adaptive threshold
KO	K03183	domain	254.6	KOfam adaptive threshold
KO	K03340	full	193.77	KOfam adaptive threshold
KO	K03342	full	545.77	KOfam adaptive threshold
KO	K03381	full	351.47	KOfam adaptive threshold
KO	K03386	domain	222.2	KOfam adaptive threshold
KO	K03387	domain	353.53	KOfam adaptive threshold
KO	K03394	domain	126.63	KOfam adaptive threshold
KO	K03399	domain	179.27	KOfam adaptive threshold
KO	K03406	domain	58.43	KOfam adaptive threshold
KO	K03407	domain	503.27	KOfam adaptive threshold
KO	K03408	full	103.93	KOfam adaptive threshold
KO	K03409	domain	53.23	KOfam adaptive threshold
KO	K03410	domain	109.7	KOfam adaptive threshold
KO	K03412	domain	206.9	KOfam adaptive threshold
KO	K03413	domain	136.73	KOfam adaptive threshold
KO	K03414	full	47.13	KOfam adaptive threshold
KO	K03427	full	111.4	KOfam adaptive threshold
KO	K03464	full	44.13	KOfam adaptive threshold
KO	K03472	full	488	KOfam adaptive threshold
KO	K03473	full	286.5	KOfam adaptive threshold
KO	K03474	full	90.83	KOfam adaptive threshold
KO	K03517	full	90.63	KOfam adaptive threshold
KO	K03737	domain	429.4	KOfam adaptive threshold
KO	K03776	domain	428.53	KOfam adaptive threshold
KO	K03781	full	70.97	KOfam adaptive threshold
KO	K03782	full	475.47	KOfam adaptive threshold
KO	K03785	domain	186.57	KOfam adaptive threshold
KO	K03786	domain	101.87	KOfam adaptive threshold
KO	K03794	domain	139.83	KOfam adaptive threshold
KO	K03795	full	123.03	KOfam adaptive threshold
KO	K03851	full	548.7	KOfam adaptive threshold
KO	K03852	full	653.4	KOfam adaptive threshold
KO	K03856	domain	468.17	KOfam adaptive threshold
KO	K04069	full	105.93	KOfam adaptive threshold
KO	K04072	full	638.77	KOfam adaptive threshold
KO	K04073	full	478.5	KOfam adaptive threshold
KO	K04092	domain	93.47	KOfam adaptive threshold
KO	K04093	domain	69.13	KOfam adaptive threshold
KO	K04486	domain	119.63	KOfam adaptive threshold
KO	K04516	full	305.03	KOfam adaptive threshold
KO	K04517	domain	226.1	KOfam adaptive threshold
KO	K04518	full	321.93	KOfam adaptive threshold
KO	K04564	full	39.13	KOfam adaptive threshold
KO	K04565	domain	88.63	KOfam adaptive threshold
KO	K04719	full	216.6	KOfam adaptive threshold
KO	K04781	full	400.57	KOfam adaptive threshold
KO	K04782	domain	90.13	KOfam adaptive threshold
KO	K05359	full	347.37	KOfam adaptive threshold
KO	K05549	full	587.8	KOfam adaptive threshold
KO	K05550	full	206.3	KOfam adaptive threshold
KO	K05599	full	892.93	KOfam adaptive threshold
KO	K05600	full	230.43	KOfam adaptive threshold
KO	K05602	domain	293.67	KOfam adaptive threshold
KO	K05708	full	583.47	KOfam adaptive threshold
KO	K05709	full	218.93	KOfam adaptive threshold
KO	K05711	full	386.7	KOfam adaptive threshold
KO	K05712	full	361.3	KOfam adaptive threshold
KO	K05713	domain	185.1	KOfam adaptive threshold
KO	K05714	full	287.7	KOfam adaptive threshold
KO	K05783	full	400.37	KOfam adaptive threshold
KO	K05821	full	497	KOfam adaptive threshold
KO	K05822	full	348.37	KOfam adaptive threshold
KO	K05823	full	378.07	KOfam adaptive threshold
KO	K05874	domain	645.9	KOfam adaptive threshold
KO	K05875	full	639.23	KOfam adaptive threshold
KO	K05876	domain	598.23	KOfam adaptive threshold
KO	K05877	full	724.07	KOfam adaptive threshold
KO	K05887	full	568.17	KOfam adaptive threshold
KO	K05895	domain	148.3	KOfam adaptive threshold
KO	K05934	domain	366.4	KOfam adaptive threshold
KO	K05936	domain	239.47	KOfam adaptive threshold
KO	K05942	full	352.53	KOfam adaptive threshold
KO	K05972	domain	71.7	KOfam adaptive threshold
KO	K06001	full	433.37	KOfam adaptive threshold
KO	K06042	full	84.13	KOfam adaptive threshold
KO	K06208	full	84.5	KOfam adaptive threshold
KO	K06209	full	124.43	KOfam adaptive threshold
KO	K06210	full	102.5	KOfam adaptive threshold
KO	K06215	full	98.63	KOfam adaptive threshold
KO	K06718	full	83.13	KOfam adaptive threshold
KO	K06720	full	85.27	KOfam adaptive threshold
KO	K06863	full	238.8	KOfam adaptive threshold
KO	K06989	full	69.97	KOfam adaptive threshold
KO	K07012	domain	140.3	KOfam adaptive threshold
KO	K07127	full	115.57	KOfam adaptive threshold
KO	K07217	full	221.5	KOfam adaptive threshold
KO	K07248	domain	581.7	KOfam adaptive threshold
KO	K07255	domain	113.13	KOfam adaptive threshold
KO	K07256	full	438.1	KOfam adaptive threshold
KO	K07405	full	306.07	KOfam adaptive threshold
KO	K07636	domain	325.8	KOfam adaptive threshold
KO	K07657	domain	303.43	KOfam adaptive threshold
KO	K07658	domain	328.47	KOfam adaptive threshold
KO	K08289	full	264.57	KOfam adaptive threshold
KO	K08310	domain	101.3	KOfam adaptive threshold
KO	K08323	full	356.53	KOfam adaptive threshold
KO	K08324	domain	675.73	KOfam adaptive threshold
KO	K08363	domain	44.8	KOfam adaptive threshold
KO	K08364	domain	99.47	KOfam adaptive threshold
KO	K08365	domain	167.3	KOfam adaptive threshold
KO	K08680	domain	241.23	KOfam adaptive threshold
KO	K08681	full	82.43	KOfam adaptive threshold
KO	K08688	full	659.9	KOfam adaptive threshold
KO	K08973	full	45.77	KOfam adaptive threshold
KO	K09007	full	196.37	KOfam adaptive threshold
KO	K09011	full	616.8	KOfam adaptive threshold
KO	K09882	domain	170.37	KOfam adaptive threshold
KO	K09883	domain	96.47	KOfam adaptive threshold
KO	K09951	domain	32.1	KOfam adaptive threshold
KO	K10150	full	449.13	KOfam adaptive threshold
KO	K10206	full	373.6	KOfam adaptive threshold
KO	K10216	full	271.07	KOfam adaptive threshold
KO	K10217	domain	693.33	KOfam adaptive threshold
KO	K10537	domain	204.8	KOfam adaptive threshold
KO	K10538	domain	351.33	KOfam adaptive threshold
KO	K10539	full	659.63	KOfam adaptive threshold
KO	K10543	domain	350.1	KOfam adaptive threshold
KO	K10544	full	415.63	KOfam adaptive threshold
KO	K10545	domain	351.07	KOfam adaptive threshold
KO	K10670	full	54.87	KOfam adaptive threshold
KO	K10671	full	565.23	KOfam adaptive threshold
KO	K10672	full	412.57	KOfam adaptive threshold
KO	K10674	full	312.6	KOfam adaptive threshold
KO	K10764	full	532.93	KOfam adaptive threshold
KO	K10793	domain	602.27	KOfam adaptive threshold
KO	K10794	domain	129.67	KOfam adaptive threshold
KO	K10831	domain	364.07	KOfam adaptive threshold
KO	K11175	domain	190.9	KOfam adaptive threshold
KO	K11176	full	127.83	KOfam adaptive threshold
KO	K11358	full	332.9	KOfam adaptive threshold
KO	K11440	full	581.87	KOfam adaptive threshold
KO	K11540	full	3252.13	KOfam adaptive threshold
KO	K11541	full	3460.17	KOfam adaptive threshold
KO	K11752	full	183.63	KOfam adaptive threshold
KO	K11754	domain	373.47	KOfam adaptive threshold
KO	K11755	full	226.13	KOfam adaptive threshold
KO	K11782	full	140	KOfam adaptive threshold
KO	K11783	full	112.63	KOfam adaptive threshold
KO	K11784	domain	445.33	KOfam adaptive threshold
KO	K11785	full	260.7	KOfam adaptive threshold
KO	K11787	full	1177.83	KOfam adaptive threshold
KO	K11788	domain	1143.63	KOfam adaptive threshold
KO	K11808	full	607	KOfam adaptive threshold
KO	K12524	full	733.6	KOfam adaptive threshold
KO	K12525	full	768.67	KOfam adaptive threshold
KO	K12526	full	965.53	KOfam adaptive threshold
KO	K12657	full	611.8	KOfam adaptive threshold
KO	K12659	full	651.93	KOfam adaptive threshold
KO	K13034	domain	595.33	KOfam adaptive threshold
KO	K13381	domain	310.83	KOfam adaptive threshold
KO	K13421	full	395.1	KOfam adaptive threshold
KO	K13484	domain	166.23	KOfam adaptive threshold
KO	K13497	full	623.13	KOfam adaptive threshold
KO	K13498	full	401.6	KOfam adaptive threshold
KO	K13501	full	965.9	KOfam adaptive threshold
KO	K13503	full	669.63	KOfam adaptive threshold
KO	K13540	full	602.93	KOfam adaptive threshold
KO	K13541	full	502.7	KOfam adaptive threshold
KO	K13542	full	394.57	KOfam adaptive threshold
KO	K13543	full	436.23	KOfam adaptive threshold
KO	K13713	full	957.87	KOfam adaptive threshold
KO	K13788	full	566.03	KOfam adaptive threshold
KO	K13799	full	489.97	KOfam adaptive threshold
KO	K13820	full	636.97	KOfam adaptive threshold
KO	K13829	full	519.1	KOfam adaptive threshold
KO	K13832	full	367.03	KOfam adaptive threshold
KO	K13853	full	464.67	KOfam adaptive threshold
KO	K13919	domain	309.53	KOfam adaptive threshold
KO	K13920	full	211.37	KOfam adaptive threshold
KO	K13922	full	629.53	KOfam adaptive threshold
KO	K13923	full	278.03	KOfam adaptive threshold
KO	K13939	full	638.4	KOfam adaptive threshold
KO	K13940	domain	260.73	KOfam adaptive threshold
KO	K13941	full	588.03	KOfam adaptive threshold
KO	K13950	full	550.8	KOfam adaptive threshold
KO	K13967	full	385.27	KOfam adaptive threshold
KO	K13998	full	638.93	KOfam adaptive threshold
KO	K14048	domain	305.93	KOfam adaptive threshold
KO	K14152	full	894.27	KOfam adaptive threshold
KO	K14153	full	427.23	KOfam adaptive threshold
KO	K14155	domain	296.3	KOfam adaptive threshold
KO	K14170	domain	359.47	KOfam adaptive threshold
KO	K14187	full	365.33	KOfam adaptive threshold
KO	K14260	full	472.33	KOfam adaptive threshold
KO	K14261	full	529.93	KOfam adaptive threshold
KO	K14267	domain	457.2	KOfam adaptive threshold
KO	K14652	full	353.97	KOfam adaptive threshold
KO	K14677	full	213.9	KOfam adaptive threshold
KO	K14681	full	978.07	KOfam adaptive threshold
KO	K14682	full	223.93	KOfam adaptive threshold
KO	K14727	domain	364.43	KOfam adaptive threshold
KO	K14977	domain	61.33	KOfam adaptive threshold
KO	K15024	domain	268.13	KOfam adaptive threshold
KO	K15228	full	174.8	KOfam adaptive threshold
KO	K15229	full	309.53	KOfam adaptive threshold
KO	K15342	full	56.2	KOfam adaptive threshold
KO	K15551	full	234.17	KOfam adaptive threshold
KO	K15552	domain	274.17	KOfam adaptive threshold
KO	K15783	full	331.53	KOfam adaptive threshold
KO	K15784	full	410.33	KOfam adaptive threshold
KO	K15866	domain	294.23	KOfam adaptive threshold
KO	K15920	full	736.53	KOfam adaptive threshold
KO	K15921	full	300.17	KOfam adaptive threshold
KO	K15923	full	196.5	KOfam adaptive threshold
KO	K16242	full	449.57	KOfam adaptive threshold
KO	K16243	full	305.6	KOfam adaptive threshold
KO	K16244	full	84.07	KOfam adaptive threshold
KO	K16245	domain	77.4	KOfam adaptive threshold
KO	K16246	full	392.37	KOfam adaptive threshold
KO	K16249	full	58.63	KOfam adaptive threshold
KO	K16319	full	536.13	KOfam adaptive threshold
KO	K16320	domain	179.2	KOfam adaptive threshold
KO	K16838	full	323.37	KOfam adaptive threshold
KO	K16839	full	293.97	KOfam adaptive threshold
KO	K16842	full	306.37	KOfam adaptive threshold
KO	K16849	domain	106.77	KOfam adaptive threshold
KO	K16850	full	447.97	KOfam adaptive threshold
KO	K17069	full	778.23	KOfam adaptive threshold
KO	K17216	domain	445.8	KOfam adaptive threshold
KO	K17217	full	606.17	KOfam adaptive threshold
KO	K17463	full	332.83	KOfam adaptive threshold
KO	K17716	full	694.5	KOfam adaptive threshold
KO	K17735	domain	421.17	KOfam adaptive threshold
KO	K17755	domain	686.1	KOfam adaptive threshold
KO	K17761	full	831.57	KOfam adaptive threshold
KO	K17828	domain	249.57	KOfam adaptive threshold
KO	K17989	domain	264.2	KOfam adaptive threshold
KO	K18285	full	447.27	KOfam adaptive threshold
KO	K18286	full	386.97	KOfam adaptive threshold
KO	K18364	full	353.03	KOfam adaptive threshold
KO	K18365	domain	548.43	KOfam adaptive threshold
KO	K18366	full	481.6	KOfam adaptive threshold
KO	K18649	full	386.03	KOfam adaptive threshold
KO	K19046	full	26.37	KOfam adaptive threshold
KO	K19058	full	36.47	KOfam adaptive threshold
KO	K19059	full	50.9	KOfam adaptive threshold
KO	K19123	domain	139.7	KOfam adaptive threshold
KO	K19124	full	185.73	KOfam adaptive threshold
KO	K19125	full	57.73	KOfam adaptive threshold
KO	K19126	domain	38.53	KOfam adaptive threshold
KO	K19221	full	120.3	KOfam adaptive threshold
KO	K19222	domain	75.73	KOfam adaptive threshold
KO	K19244	full	318.57	KOfam adaptive threshold
KO	K19266	domain	668.9	KOfam adaptive threshold
KO	K19551	domain	231.13	KOfam adaptive threshold
KO	K19562	full	508.17	KOfam adaptive threshold
KO	K19563	full	784.73	KOfam adaptive threshold
KO	K19697	full	623.23	KOfam adaptive threshold
KO	K19712	full	87.27	KOfam adaptive threshold
KO	K19965	full	168.6	KOfam adaptive threshold
KO	K20021	full	600.97	KOfam adaptive threshold
KO	K20143	full	667.53	KOfam adaptive threshold
KO	K20457	full	434.73	KOfam adaptive threshold
KO	K20626	full	816.57	KOfam adaptive threshold
KO	K20627	full	656.3	KOfam adaptive threshold
KO	K20810	domain	292.27	KOfam adaptive threshold
KO	K20844	domain	189.13	KOfam adaptive threshold
KO	K20860	full	117.73	KOfam adaptive threshold
KO	K20861	full	359.63	KOfam adaptive threshold
KO	K20862	domain	176.67	KOfam adaptive threshold
KO	K21063	full	246.97	KOfam adaptive threshold
KO	K21064	full	209.03	KOfam adaptive threshold
KO	K21219	full	374.93	KOfam adaptive threshold
KO	K21479	full	560.6	KOfam adaptive threshold
KO	K21576	full	397.77	KOfam adaptive threshold
KO	K21577	full	532.33	KOfam adaptive threshold
KO	K21801	domain	448.47	KOfam adaptive threshold
KO	K21832	full	461.67	KOfam adaptive threshold
KO	K21833	full	1037.67	KOfam adaptive threshold
KO	K21834	full	815.17	KOfam adaptive threshold
KO	K22011	domain	127.7	KOfam adaptive threshold
KO	K22212	domain	861.73	KOfam adaptive threshold
KO	K22226	domain	391.17	KOfam adaptive threshold
KO	K22227	full	372.3	KOfam adaptive threshold
KO	K22268	full	167.27	KOfam adaptive threshold
KO	K22305	domain	222.33	KOfam adaptive threshold
KO	K22316	full	332.37	KOfam adaptive threshold
KO	K22373	full	213.9	KOfam adaptive threshold
KO	K22391	full	151.1	KOfam adaptive threshold
KO	K22443	full	321.77	KOfam adaptive threshold
KO	K22444	full	424.6	KOfam adaptive threshold
KO	K22477	domain	93.1	KOfam adaptive threshold
KO	K22478	full	533.6	KOfam adaptive threshold
KO	K22896	full	899.97	KOfam adaptive threshold
KO	K22897	full	840.93	KOfam adaptive threshold
KO	K22898	full	150.5	KOfam adaptive threshold
KO	K22899	full	570.87	KOfam adaptive threshold
KO	K22903	full	572.97	KOfam adaptive threshold
KO	K22933	full	371.6	KOfam adaptive threshold
KO	K22994	full	587.67	KOfam adaptive threshold
KO	K23264	domain	43.67	KOfam adaptive threshold
KO	K23265	domain	212	KOfam adaptive threshold
KO	K23269	full	722.57	KOfam adaptive threshold
KO	K23270	full	920.17	KOfam adaptive threshold
KO	K23304	full	347.67	KOfam adaptive threshold
KO	K23550	full	593.43	KOfam adaptive threshold
KO	K24017	domain	296.83	KOfam adaptive threshold
KO	K24018	full	761.4	KOfam adaptive threshold
KO	K24042	domain	453.93	KOfam adaptive threshold
KO	K24707	full	681.13	KOfam adaptive threshold
KO	K24866	domain	162.97	KOfam adaptive threshold
KO	K25045	full	651.17	KOfam adaptive threshold
KO	K25046	full	526.13	KOfam adaptive threshold
KO	K25047	full	489.3	KOfam adaptive threshold
KO	K25528	full	212.6	KOfam adaptive threshold
KO	K26138	domain	109.33	KOfam adaptive threshold
KO	K26139	domain	794.23	KOfam adaptive threshold
KO	K26607	full	585	KOfam adaptive threshold
KO	K27497	full	636.73	KOfam adaptive threshold
KO	K27802	domain	1451.87	KOfam adaptive threshold
KO	K27837	full	359.07	KOfam adaptive threshold
KO	K27857	full	572.9	KOfam adaptive threshold
KO	K28205	full	697.93	KOfam adaptive threshold
KO	K28207	full	336.87	KOfam adaptive threshold
KO	K28208	full	296.67	KOfam adaptive threshold
KO	K28842	full	225.93	KOfam adaptive threshold
KO	K28887	full	294.7	KOfam adaptive threshold
KO	K28981	full	373.5	KOfam adaptive threshold
NCBIFAM	all curated profiles	HMMER --cut_ga		profile-specific curated gathering cutoff
TIGRFAM	all curated profiles	HMMER --cut_ga		profile-specific curated gathering cutoff
PFAM	all curated profiles	HMMER --cut_ga		profile-specific curated gathering cutoff
CAZY	all curated profiles	dbCAN independent E-value and coverage		independent E-value < 1e-15; profile coverage > 0.35; -Z is full-library profile count
EC	1.8.4.10;1.8.4.8	not profiled		No profile source is defined in the pinned multi-namespace pipeline; EC markers are not supplied to gifter.
