route_id	gift_id	gift_type	required_reactions	specific	broad_only	not_screened	broad_ko_other_evidence	flag_no_specific_reaction
ANTHRANILATE_TO_CATECHOL	anthranilate_degradation_catechol	metabolic	1	0	1	0	0	1
CARNITINE_CNTAB	carnitine_degradation_trimethylamine	metabolic	1	0	1	0	0	1
DHPP_EXTRADIOL	dihydroxyphenylpropanoate_degradation	metabolic	2	0	2	0	0	1
ENTEROBACTIN_ENTBDEF	enterobactin_biosynthesis	metabolic	1	0	1	0	0	1
GLY_SHMT	glycine_biosynthesis	metabolic	1	0	1	0	0	1
HSER_NAD	homoserine_biosynthesis	metabolic	1	0	1	0	0	1
HSER_NADP	homoserine_biosynthesis	metabolic	1	0	1	0	0	1
HPP_MONOOXYGENASE	hydroxyphenylpropanoate_hydroxylation	metabolic	1	0	1	0	0	1
ILE_CANONICAL	isoleucine_biosynthesis	metabolic	4	0	4	0	0	1
MET_SH_ACETYL_FOLATE	methionine_biosynthesis_sulfhydrylation	metabolic	3	0	3	0	0	1
MET_SH_SUCCINYL_FOLATE	methionine_biosynthesis_sulfhydrylation	metabolic	3	0	3	0	0	1
OXOADIPYL_COA_THIOLYSIS	oxoadipyl_coa_thiolysis	metabolic	1	0	1	0	0	1
TCA2_KGD_SSADH_NADP	oxoglutarate_to_succinate	metabolic	2	0	2	0	0	1
OIV_CANONICAL	oxoisovalerate_biosynthesis	metabolic	3	0	3	0	0	1
PHENOL_TO_CATECHOL	phenol_hydroxylation	metabolic	1	0	1	0	0	1
PHENYLPROPANOATE_DIOXYGENASE	phenylpropanoate_dihydroxylation	metabolic	2	0	2	0	0	1
PROPANEDIOL_FUCO	propanediol_formation	metabolic	1	0	1	0	0	1
PYR_ACOA_PFOR	pyruvate_to_acetyl_coa	metabolic	1	0	1	0	0	1
SARCOSINE_DEHYDROGENASE_FD	sarcosine_demethylation	metabolic	1	0	1	0	0	1
SER_PHOSPHORYLATED	serine_biosynthesis	metabolic	3	0	3	0	0	1
TCA3_QUINONE	succinate_fumarate_interconversion	metabolic	1	0	1	0	0	1
TMP_THIE	thiamine_phosphate_biosynthesis	metabolic	1	0	1	0	0	1
VAL_TRANSAMINATION	valine_biosynthesis	metabolic	1	0	1	0	0	1
ACETATE_PTA_ACKA	acetate_interconversion	metabolic	2	2	0	0	0	0
ACETOIN_ALS_BUDA	acetoin_formation	metabolic	1	1	0	0	0	0
TCA1_CS_ACN	acetyl_coa_to_isocitrate	metabolic	2	2	0	0	0	0
AMP_ADENYLOSUCCINATE	adenylate_biosynthesis	metabolic	2	1	1	0	0	0
ALA_DEHYDROGENASE	alanine_biosynthesis	metabolic	1	1	0	0	0	0
ALA_TRANSAMINASE	alanine_biosynthesis	metabolic	1	1	0	0	0	0
ALLANTOIN_ALLANTOICASE	allantoin_degradation	metabolic	3	3	0	0	0	0
ALLANTOIN_DEIMINASE	allantoin_degradation	metabolic	4	4	0	0	0	0
AMMONIUM_GDH_NAD	ammonium_assimilation	metabolic	1	1	0	0	0	0
AMMONIUM_GDH_NADP	ammonium_assimilation	metabolic	1	1	0	0	0	0
AMMONIUM_GS_GOGAT	ammonium_assimilation	metabolic	2	2	0	0	0	0
AMMONIUM_GS_GOGAT_FD	ammonium_assimilation	metabolic	2	2	0	0	0	0
ARA_ISOMERASE	arabinose_degradation	metabolic	3	2	1	0	0	0
ARA_UPTAKE_ABC	arabinose_uptake_abc	metabolic	1	1	0	0	0	0
AX_DEBRANCH	arabinoxylan_debranching	metabolic	1	0	0	0	1	0
ARG_CANONICAL	arginine_biosynthesis	metabolic	3	3	0	0	0	0
ADI_CANONICAL	arginine_deiminase_pathway	metabolic	3	3	0	0	0	0
ASN_AMMONIA	asparagine_biosynthesis	metabolic	1	1	0	0	0	0
ASN_GLUTAMINE	asparagine_biosynthesis	metabolic	1	1	0	0	0	0
ASP_TRANSAMINASE	aspartate_biosynthesis	metabolic	1	1	0	0	0	0
ASA_CANONICAL	aspartate_semialdehyde_biosynthesis	metabolic	2	2	0	0	0	0
SULFATE_APS_FD	assimilatory_sulfate_reduction	metabolic	3	2	0	1	0	0
SULFATE_APS_NADPH	assimilatory_sulfate_reduction	metabolic	3	2	0	1	0	0
SULFATE_PAPS_FD	assimilatory_sulfate_reduction	metabolic	4	3	0	1	0	0
SULFATE_PAPS_NADPH	assimilatory_sulfate_reduction	metabolic	4	3	0	1	0	0
BENZOATE_TO_CATECHOL	benzoate_degradation_catechol	metabolic	2	2	0	0	0	0
BETAINE_GBC_DGC	betaine_demethylation	metabolic	2	1	1	0	0	0
BETAINE_GBC_DMGDH	betaine_demethylation	metabolic	2	2	0	0	0	0
BETAINE_GBC_DMGO	betaine_demethylation	metabolic	2	1	1	0	0	0
BIOTIN_LYS	biotin_biosynthesis	metabolic	4	3	1	0	0	0
BIOTIN_SAM	biotin_biosynthesis	metabolic	4	3	1	0	0	0
BUTYRATE_ACOA_TRANSFERASE	butyrate_formation	metabolic	5	3	1	1	0	0
CARNITINE_CDH	carnitine_to_betaine	metabolic	2	2	0	0	0	0
CATECHOL_META_HYDROLYTIC	catechol_meta_cleavage	metabolic	2	2	0	0	0	0
CATECHOL_META_OXALOCROTONATE	catechol_meta_cleavage	metabolic	4	3	1	0	0	0
CATECHOL_ORTHO	catechol_ortho_cleavage	metabolic	4	4	0	0	0	0
CHITIN_SACCHARIFICATION	chitin_degradation	metabolic	2	0	0	0	2	0
BETAINE_BETA	choline_to_betaine	metabolic	2	2	0	0	0	0
BETAINE_CMO	choline_to_betaine	metabolic	2	2	0	0	0	0
BETAINE_CODA	choline_to_betaine	metabolic	2	2	0	0	0	0
BETAINE_GBS	choline_to_betaine	metabolic	2	1	1	0	0	0
CHOR_SHIKIMATE	chorismate_biosynthesis	metabolic	6	6	0	0	0	0
CITRATE_LYASE_OAD	citrate_fermentation	metabolic	2	2	0	0	0	0
LOOP_DMB	cobamide_nucleotide_loop_assembly	metabolic	4	2	2	0	0	0
COBINAMIDE_ARM	cobinamide_biosynthesis	metabolic	3	1	2	0	0	0
COLLAGEN_M9	collagen_cleavage	metabolic	1	0	0	0	1	0
CORRIN_AEROBIC	corrin_ring_biosynthesis	metabolic	11	4	7	0	0	0
CORRIN_ANAEROBIC	corrin_ring_biosynthesis	metabolic	13	7	6	0	0	0
CREATININE_AMIDOHYDROLASE	creatinine_degradation	metabolic	2	2	0	0	0	0
CYS_RT_OAS	cysteine_biosynthesis_homocysteine	metabolic	3	2	1	0	0	0
CYS_RT_SERINE	cysteine_biosynthesis_homocysteine	metabolic	2	1	1	0	0	0
CYS_OAS_SULFIDE	cysteine_biosynthesis_sulfide	metabolic	2	2	0	0	0	0
CYS_DESULFIDASE	cysteine_degradation_sulfide	metabolic	1	1	0	0	0	0
CTP_GLUTAMINE	cytidylate_biosynthesis	metabolic	1	1	0	0	0	0
DAP_ACETYL	dap_biosynthesis	metabolic	6	4	2	0	0	0
DAP_AMINOTRANSFERASE	dap_biosynthesis	metabolic	4	3	1	0	0	0
DAP_DEHYDROGENASE	dap_biosynthesis	metabolic	3	2	1	0	0	0
DAP_SUCCINYL	dap_biosynthesis	metabolic	6	5	1	0	0	0
DHB_CHORISMATE	dihydroxybenzoate_biosynthesis	metabolic	3	2	1	0	0	0
DMB_BLUB	dmb_biosynthesis_aerobic	metabolic	1	1	0	0	0	0
ECT_ABC	ectoine_biosynthesis	metabolic	3	3	0	0	0	0
ETHANOL_ADHE	ethanol_formation	metabolic	2	1	1	0	0	0
FOLATE_THF	folate_biosynthesis	metabolic	6	5	1	0	0	0
FUC_ISOMERASE	fucose_degradation_isomerase	metabolic	3	2	1	0	0	0
TCA4_FUMARASE_MDH	fumarate_oxaloacetate_interconversion	metabolic	2	2	0	0	0	0
TCA4_FUMARASE_MQO	fumarate_oxaloacetate_interconversion	metabolic	2	1	1	0	0	0
GAL_LELOIR	galactose_degradation_leloir	metabolic	3	3	0	0	0	0
GALUA_ISOMERASE	galacturonate_degradation	metabolic	3	2	1	0	0	0
GLCNAC_KINASE	glcnac_degradation	metabolic	3	3	0	0	0	0
GLCUA_ISOMERASE	glucuronate_degradation	metabolic	3	1	2	0	0	0
GAD_DECARBOXYLATION	glutamate_decarboxylation_gaba	metabolic	1	1	0	0	0	0
GLN_GS	glutamine_biosynthesis	metabolic	1	1	0	0	0	0
GRD_STICKLAND	glycine_reduction_stickland	metabolic	1	1	0	0	0	0
GLYOXYLATE_BYPASS_DIRECT	glyoxylate_bypass	metabolic	2	1	1	0	0	0
GMP_XMP	guanylate_biosynthesis	metabolic	2	2	0	0	0	0
HEME_COPRO	heme_b_biosynthesis	metabolic	4	2	2	0	0	0
HEME_PROTO_HEMF_HEMG	heme_b_biosynthesis	metabolic	4	2	2	0	0	0
HEME_PROTO_HEMF_HEMJ	heme_b_biosynthesis	metabolic	4	2	2	0	0	0
HEME_PROTO_HEMF_HEMY	heme_b_biosynthesis	metabolic	4	2	2	0	0	0
HEME_PROTO_HEMN_HEMG	heme_b_biosynthesis	metabolic	4	2	2	0	0	0
HEME_PROTO_HEMN_HEMJ	heme_b_biosynthesis	metabolic	4	2	2	0	0	0
HEME_PROTO_HEMN_HEMY	heme_b_biosynthesis	metabolic	4	2	2	0	0	0
HIS_CANONICAL	histidine_biosynthesis	metabolic	10	10	0	0	0	0
HUT_FORMAMIDE	histidine_degradation_glutamate	metabolic	4	4	0	0	0	0
HMP_THIC	hmp_phosphate_biosynthesis	metabolic	2	1	1	0	0	0
IAA_IAM	indole_3_acetate_biosynthesis	metabolic	2	1	1	0	0	0
TCA1_ICDH_NAD	isocitrate_to_oxoglutarate	metabolic	1	1	0	0	0	0
TCA1_ICDH_NADP	isocitrate_to_oxoglutarate	metabolic	1	1	0	0	0	0
KDG_ED	kdg_degradation	metabolic	2	2	0	0	0	0
LACTATE_LDH	lactate_formation	metabolic	1	1	0	0	0	0
LACTATE_RACEMASE	lactate_racemisation	metabolic	1	1	0	0	0	0
LEU_CANONICAL	leucine_biosynthesis	metabolic	5	4	1	0	0	0
LYS_DECARBOXYLATION	lysine_biosynthesis_dap	metabolic	1	1	0	0	0	0
MALOLACTIC_MLE	malolactic_fermentation	metabolic	1	1	0	0	0	0
MK_CLASSIC	menaquinone_biosynthesis	metabolic	7	5	2	0	0	0
MK_FUTALOSINE	menaquinone_biosynthesis	metabolic	7	5	2	0	0	0
MET_SH_ACETYL_B12	methionine_biosynthesis_sulfhydrylation	metabolic	3	1	2	0	0	0
MET_SH_SUCCINYL_B12	methionine_biosynthesis_sulfhydrylation	metabolic	3	1	2	0	0	0
MET_TS_ACETYL_B12	methionine_biosynthesis_transsulfuration	metabolic	4	3	1	0	0	0
MET_TS_ACETYL_FOLATE	methionine_biosynthesis_transsulfuration	metabolic	4	2	2	0	0	0
MET_TS_PHOSPHO_B12	methionine_biosynthesis_transsulfuration	metabolic	4	4	0	0	0	0
MET_TS_PHOSPHO_FOLATE	methionine_biosynthesis_transsulfuration	metabolic	4	3	1	0	0	0
MET_TS_SUCCINYL_B12	methionine_biosynthesis_transsulfuration	metabolic	4	3	1	0	0	0
MET_TS_SUCCINYL_FOLATE	methionine_biosynthesis_transsulfuration	metabolic	4	2	2	0	0	0
MGL_METHANETHIOL	methionine_degradation_methanethiol	metabolic	1	1	0	0	0	0
METHYLAMINE_MADH	methylamine_degradation	metabolic	1	1	0	0	0	0
MUCIN_FUCOSIDASE	mucin_fucose_release	metabolic	1	1	0	0	0	0
MUCIN_GALNACASE	mucin_galnac_release	metabolic	1	1	0	0	0	0
MUCIN_SIALIDASE	mucin_sialic_acid_release	metabolic	1	0	0	0	1	0
NAD_GLN	nad_biosynthesis_namn	metabolic	2	2	0	0	0	0
NAD_NH3	nad_biosynthesis_namn	metabolic	2	2	0	0	0	0
NAMN_NADC	namn_biosynthesis_quinolinate	metabolic	1	1	0	0	0	0
NAMN_PNCB	namn_salvage_nicotinate	metabolic	1	1	0	0	0	0
NEUAC_LYASE	neuac_degradation	metabolic	5	3	2	0	0	0
NITRATE_ASSIM_NARB_FD	nitrate_assimilation	metabolic	2	2	0	0	0	0
NITRATE_ASSIM_NARB_NADH	nitrate_assimilation	metabolic	2	2	0	0	0	0
NITRATE_ASSIM_NAS_FD	nitrate_assimilation	metabolic	2	1	1	0	0	0
NITRATE_ASSIM_NAS_NADH	nitrate_assimilation	metabolic	2	1	1	0	0	0
N_FIX_MO	nitrogen_fixation	metabolic	1	1	0	0	0	0
N_FIX_V	nitrogen_fixation	metabolic	1	1	0	0	0	0
ORN_DEACETYLASE	ornithine_biosynthesis	metabolic	5	5	0	0	0	0
ORN_TRANSACETYLASE	ornithine_biosynthesis	metabolic	5	4	1	0	0	0
OXOADIPATE_COA_TRANSFER	oxoadipate_activation	metabolic	1	1	0	0	0	0
OBU_CITRAMALATE	oxobutanoate_biosynthesis_citramalate	metabolic	4	2	2	0	0	0
TCA2_KGD_SSADH_NAD	oxoglutarate_to_succinate	metabolic	2	1	1	0	0	0
TCA2_ODH_SCS	oxoglutarate_to_succinate	metabolic	2	2	0	0	0	0
TCA2_OFOR_SCS	oxoglutarate_to_succinate	metabolic	2	1	1	0	0	0
OXOPENTENOATE_LOWER	oxopentenoate_degradation	metabolic	3	3	0	0	0	0
PABA_ADC	paba_biosynthesis	metabolic	2	2	0	0	0	0
PANTOTHENATE_PANBCDE	pantothenate_biosynthesis	metabolic	4	4	0	0	0	0
PECTATE_LYASE	pectate_lyase_degradation	metabolic	5	4	0	0	1	0
PECTIN_SACCHARIFICATION	pectin_degradation	metabolic	2	1	0	0	1	0
PAA_COA_EPOXIDASE	phenylacetate_degradation	metabolic	8	4	4	0	0	0
PHE_CANONICAL	phenylalanine_biosynthesis	metabolic	3	3	0	0	0	0
PLP_DXP	plp_biosynthesis_dxp	metabolic	6	4	2	0	0	0
PLP_R5P	plp_biosynthesis_r5p	metabolic	1	1	0	0	0	0
PRO_CANONICAL	proline_biosynthesis	metabolic	3	2	1	0	0	0
PRD_STICKLAND	proline_reduction_stickland	metabolic	2	2	0	0	0	0
PROPIONATE_ACRYLATE	propionate_formation_acrylate	metabolic	3	3	0	0	0	0
PROPIONATE_PDU	propionate_formation_propanediol	metabolic	4	4	0	0	0	0
PCR_FOLATE_DIRECT_FOLATE	purine_core_biosynthesis	metabolic	10	8	2	0	0	0
PCR_FOLATE_DIRECT_FORMATE	purine_core_biosynthesis	metabolic	10	9	1	0	0	0
PCR_FOLATE_TWOSTEP_FOLATE	purine_core_biosynthesis	metabolic	11	9	2	0	0	0
PCR_FOLATE_TWOSTEP_FORMATE	purine_core_biosynthesis	metabolic	11	10	1	0	0	0
PCR_FORMATE_DIRECT_FOLATE	purine_core_biosynthesis	metabolic	10	8	2	0	0	0
PCR_FORMATE_DIRECT_FORMATE	purine_core_biosynthesis	metabolic	10	9	1	0	0	0
PCR_FORMATE_TWOSTEP_FOLATE	purine_core_biosynthesis	metabolic	11	9	2	0	0	0
PCR_FORMATE_TWOSTEP_FORMATE	purine_core_biosynthesis	metabolic	11	10	1	0	0	0
PYR_DHODH_FUMARATE	pyrimidine_core_biosynthesis	metabolic	6	6	0	0	0	0
PYR_DHODH_NAD	pyrimidine_core_biosynthesis	metabolic	6	6	0	0	0	0
PYR_DHODH_QUINONE	pyrimidine_core_biosynthesis	metabolic	6	5	1	0	0	0
PYR_ACOA_PDH	pyruvate_to_acetyl_coa	metabolic	1	1	0	0	0	0
PYR_ACOA_PFL	pyruvate_to_acetyl_coa	metabolic	1	1	0	0	0	0
QUIN_NADB	quinolinate_biosynthesis_aspartate	metabolic	2	2	0	0	0	0
QUIN_NADX	quinolinate_biosynthesis_aspartate	metabolic	2	1	1	0	0	0
RHA_ISOMERASE	rhamnose_degradation	metabolic	3	3	0	0	0	0
RIBOFLAVIN_GTP	riboflavin_biosynthesis	metabolic	6	6	0	0	0	0
SAL_ISOCHORISMATE	salicylate_biosynthesis	metabolic	2	2	0	0	0	0
SARCOSINE_OXIDASE	sarcosine_demethylation	metabolic	1	1	0	0	0	0
SER_DEAMINATION	serine_deamination	metabolic	1	1	0	0	0	0
SIROHEME_UROGEN	siroheme_biosynthesis	metabolic	3	3	0	0	0	0
STARCH_SACCHARIFICATION	starch_degradation	metabolic	2	0	0	0	2	0
TAURINE_TAUXY_XSC	taurine_degradation_sulfoacetaldehyde	metabolic	2	1	1	0	0	0
TAURINE_TPA_XSC	taurine_degradation_sulfoacetaldehyde	metabolic	2	1	1	0	0	0
TAURINE_TAUD	taurine_desulfonation_aerobic	metabolic	1	1	0	0	0	0
TAURINE_UPTAKE_ABC	taurine_uptake_abc	metabolic	1	1	0	0	0	0
SALVAGE_HMP_HET	thiamine_precursor_salvage	metabolic	3	1	2	0	0	0
THZ_THIH	thiazole_phosphate_biosynthesis	metabolic	2	2	0	0	0	0
THZ_THIO	thiazole_phosphate_biosynthesis	metabolic	2	1	1	0	0	0
THR_CANONICAL	threonine_biosynthesis	metabolic	2	2	0	0	0	0
THR_DEAMINATION	threonine_deamination	metabolic	1	1	0	0	0	0
TRP_CANONICAL	tryptophan_biosynthesis	metabolic	5	5	0	0	0	0
TNA_INDOLE	tryptophan_degradation_indole	metabolic	1	1	0	0	0	0
TYR_NAD	tyrosine_biosynthesis	metabolic	3	3	0	0	0	0
TYR_NADP	tyrosine_biosynthesis	metabolic	3	3	0	0	0	0
URATE_HPXO	urate_degradation	metabolic	2	2	0	0	0	0
URATE_URICASE	urate_degradation	metabolic	2	2	0	0	0	0
UREA_UREASE	urea_hydrolysis	metabolic	1	1	0	0	0	0
XYLAN_SACCHARIFICATION	xylan_degradation	metabolic	2	0	0	0	2	0
XYL_ISOMERASE	xylose_degradation_isomerase	metabolic	2	1	1	0	0	0
XYL_UPTAKE_ABC	xylose_uptake_abc	metabolic	1	1	0	0	0	0
