gift_id	gift_type	mode	implementation	requirements	near_miss_genomes	genomes_supporting_gift	distinct_missing_requirements	most_missing_requirement	share_missing_that_requirement	effective_missing_requirements
indole_3_acetate_biosynthesis	metabolic	anabolic	IAA_IAM	2	618	4	1	RHEA:16165	1	1
oxobutanoate_biosynthesis_citramalate	metabolic	anabolic	OBU_CITRAMALATE	4	477	29	2	RHEA:19045	0.9958	1.028
chitin_degradation	metabolic	catabolic	CHITIN_SACCHARIFICATION	2	368	144	2	RXN_CHITIN_ENDO	0.8995	1.386
xylan_degradation	metabolic	catabolic	XYLAN_SACCHARIFICATION	2	320	232	2	RXN_XYLAN_ENDO_1_4	0.9844	1.084
methionine_biosynthesis_transsulfuration	metabolic	anabolic	MET_TS_ACETYL_B12	4	297	35	3	RHEA:30931	0.9495	1.246
nad_biosynthesis_namn	metabolic	anabolic	NAD_GLN	2	271	327	2	RHEA:24384	0.9852	1.08
methylglyoxal_detoxification	defense		MECH_MG_GLYOXALASE	2	251	252	2	DF_MG_GLYOXALASE_I	0.9442	1.24
aspartate_chemoreception	regulatory		CIRCUIT_ASPARTATE_CHEMORECEPTION	4	244	5	1	RF_ASPARTATE_RECEPTION	1	1
serine_chemoreception	regulatory		CIRCUIT_SERINE_CHEMORECEPTION	4	244	5	1	RF_SERINE_RECEPTION	1	1
starch_degradation	metabolic	catabolic	STARCH_SACCHARIFICATION	2	240	157	2	RXN_STARCH_ENDO_1_4	0.8458	1.537
creatinine_degradation	metabolic	catabolic	CREATININE_AMIDOHYDROLASE	2	236	16	2	RHEA:22456	0.9788	1.108
serine_biosynthesis	metabolic	anabolic	SER_PHOSPHORYLATED	3	232	227	3	RHEA:21208	0.5776	2.572
hmp_phosphate_biosynthesis	metabolic	anabolic	HMP_THIC	2	231	263	2	RHEA:19893	0.5281	1.997
superoxide_detoxification	defense		MECH_SUPEROXIDE_COMPLETE	2	197	406	2	DF_PEROXIDE_REMOVAL	0.7462	1.762
folate_biosynthesis	metabolic	anabolic	FOLATE_THF	6	191	273	4	RHEA:15009	0.6806	2.18
thiamine_precursor_salvage	metabolic	anabolic	SALVAGE_HMP_HET	3	189	183	1	RHEA:24212	1	1
histidine_degradation_glutamate	metabolic	catabolic	HUT_FORMAMIDE	4	185	86	3	RHEA:22492	0.9892	1.069
phosphate_starvation_response	regulatory		CIRCUIT_PHO_PHOR_PHOB	2	183	226	2	RF_PHO_RESPONSE_PHOB	0.8743	1.46
type_i_e_crispr_cas_machinery	defense		MECH_TYPE_I_E_CRISPR	2	175	38	2	DF_CRISPR_I_E_SURVEILLANCE	0.9943	1.036
cobamide_nucleotide_loop_assembly	metabolic	anabolic	LOOP_DMB	4	173	110	4	RHEA:24456	0.9075	1.463
pantothenate_biosynthesis	metabolic	anabolic	PANTOTHENATE_PANBCDE	4	171	317	4	RHEA:19497	0.7895	1.869
galactose_degradation_leloir	metabolic	catabolic	GAL_LELOIR	3	169	122	3	RHEA:13989	0.6036	2.064
salicylate_biosynthesis	metabolic	anabolic	SAL_ISOCHORISMATE	2	167	16	2	RHEA:27874	0.6886	1.859
tyrosine_biosynthesis	metabolic	anabolic	TYR_NAD	3	166	389	2	RHEA:13869	0.5241	1.998
histidine_biosynthesis	metabolic	anabolic	HIS_CANONICAL	10	165	256	8	RHEA:14465	0.3636	5.061
siroheme_biosynthesis	metabolic	anabolic	SIROHEME_UROGEN	3	161	142	2	RHEA:24360	0.9565	1.196
dap_biosynthesis	metabolic	anabolic	DAP_AMINOTRANSFERASE	4	159	390	4	RHEA:23988	0.9245	1.395
fumarate_oxaloacetate_interconversion	metabolic	interconversion	TCA4_FUMARASE_MDH	2	151	416	2	RHEA:21432	0.8742	1.46
assimilatory_sulfate_reduction	metabolic	anabolic	SULFATE_APS_FD	3	147	168	3	RHEA:23132	0.9728	1.151
acetate_interconversion	metabolic	interconversion	ACETATE_PTA_ACKA	2	139	302	2	RHEA:19521	0.9712	1.139
glcnac_degradation	metabolic	catabolic	GLCNAC_KINASE	3	139	98	2	RHEA:17417	0.9856	1.078
acetyl_coa_to_isocitrate	metabolic	catabolic	TCA1_CS_ACN	2	138	367	2	RHEA:10336	0.7971	1.656
purine_core_biosynthesis	metabolic	anabolic	PCR_FOLATE_DIRECT_FOLATE	10	137	407	1	RHEA:10792	1	1
glucuronate_degradation	metabolic	catabolic	GLCUA_ISOMERASE	3	134	25	3	RHEA:15729	0.9328	1.326
threonine_biosynthesis	metabolic	anabolic	THR_CANONICAL	2	133	446	2	RHEA:13985	0.9098	1.354
thiazole_phosphate_biosynthesis	metabolic	anabolic	THZ_THIH	2	132	295	2	RHEA:26361	0.6288	1.934
cysteine_biosynthesis_sulfide	metabolic	anabolic	CYS_OAS_SULFIDE	2	131	418	2	RHEA:14829	0.7863	1.68
paba_biosynthesis	metabolic	anabolic	PABA_ADC	2	118	130	2	RHEA:16201	0.6017	1.959
tryptophan_biosynthesis	metabolic	anabolic	TRP_CANONICAL	5	117	364	3	RHEA:23476	0.4017	2.951
lpt_lipopolysaccharide_export_apparatus	structural		ARCH_LPT_CANONICAL	3	115	168	3	SF_LPT_OUTER_MEMBRANE_TRANSLOCON	0.7217	2.112
butyrate_formation	metabolic	catabolic	BUTYRATE_ACOA_TRANSFERASE	5	111	4	1	RHEA:30071	1	1
urate_degradation	metabolic	catabolic	URATE_HPXO	2	110	54	2	RHEA:27329	0.8909	1.411
phenylalanine_biosynthesis	metabolic	anabolic	PHE_CANONICAL	3	108	443	3	RHEA:13897	0.6481	2.194
pyrimidine_core_biosynthesis	metabolic	anabolic	PYR_DHODH_QUINONE	6	107	353	4	RHEA:24296	0.486	2.393
aspartate_semialdehyde_biosynthesis	metabolic	anabolic	ASA_CANONICAL	2	105	516	2	RHEA:23776	0.981	1.099
biotin_biosynthesis	metabolic	anabolic	BIOTIN_SAM	4	105	192	2	RHEA:20712	0.981	1.099
kdg_degradation	metabolic	catabolic	KDG_ED	2	105	235	2	RHEA:14797	0.9048	1.37
xylose_degradation_isomerase	metabolic	catabolic	XYL_ISOMERASE	2	103	146	2	RHEA:10964	0.5049	2
oxoglutarate_to_succinate	metabolic	catabolic	TCA2_OFOR_SCS	2	102	402	1	RHEA:17661	1	1
chorismate_biosynthesis	metabolic	anabolic	CHOR_SHIKIMATE	6	96	476	5	RHEA:14717	0.5208	3.241
arginine_deiminase_pathway	metabolic	catabolic	ADI_CANONICAL	3	90	81	3	RHEA:19597	0.7	2.127
choline_to_betaine	metabolic	anabolic	BETAINE_BETA	2	78	64	2	RHEA:17433	0.5128	1.999
rhamnose_degradation	metabolic	catabolic	RHA_ISOMERASE	3	73	32	3	RHEA:19689	0.9452	1.275
citrate_fermentation	metabolic	catabolic	CITRATE_LYASE_OAD	2	71	2	2	RHEA:15641	0.5493	1.99
corrin_ring_biosynthesis	metabolic	anabolic	CORRIN_ANAEROBIC	13	69	58	6	RHEA:15613	0.4493	3.733
arginine_biosynthesis	metabolic	anabolic	ARG_CANONICAL	3	67	501	2	RHEA:19513	0.9701	1.144
cysteine_biosynthesis_homocysteine	metabolic	anabolic	CYS_RT_SERINE	2	64	103	2	RHEA:14005	0.9844	1.084
methionine_biosynthesis_sulfhydrylation	metabolic	anabolic	MET_SH_ACETYL_B12	3	64	398	3	RHEA:27822	0.5156	2.332
chemotaxis_signal_transduction	regulatory		CIRCUIT_CHEMOTAXIS_CORE	4	61	249	3	RF_CHEMOTAXIS_KINASE_CORE	0.6066	2.568
guanylate_biosynthesis	metabolic	anabolic	GMP_XMP	2	57	576	2	RHEA:11708	0.9298	1.289
allantoin_degradation	metabolic	catabolic	ALLANTOIN_ALLANTOICASE	3	56	19	2	RHEA:11016	0.7679	1.719
glyoxylate_bypass	metabolic	catabolic	GLYOXYLATE_BYPASS_DIRECT	2	55	185	2	RHEA:13245	0.9455	1.236
oxoglutarate_to_succinate	metabolic	catabolic	TCA2_KGD_SSADH_NAD	2	54	402	1	RHEA:13217	1	1
nitrate_assimilation	metabolic	anabolic	NITRATE_ASSIM_NARB_FD	2	53	103	2	RHEA:21828	0.6604	1.898
arabinose_degradation	metabolic	catabolic	ARA_ISOMERASE	3	52	77	3	RHEA:22072	0.7308	1.919
menaquinone_biosynthesis	metabolic	anabolic	MK_FUTALOSINE	7	52	84	2	RHEA:26478	0.9615	1.177
flagellar_apparatus	structural		ARCH_FLAGELLUM_DIDERM	10	51	103	7	SF_FLAGELLAR_ROD	0.3922	4.727
nitrate_assimilation	metabolic	anabolic	NITRATE_ASSIM_NARB_NADH	2	51	103	1	RHEA:21828	1	1
flagellar_apparatus	structural		ARCH_FLAGELLUM_MONODERM	9	48	103	2	SF_FLAGELLAR_ROD	0.9792	1.107
pyrimidine_core_biosynthesis	metabolic	anabolic	PYR_DHODH_FUMARATE	6	46	353	4	RHEA:30059	0.6304	2.751
cobinamide_biosynthesis	metabolic	anabolic	COBINAMIDE_ARM	3	45	262	3	RHEA:21896	0.4444	2.763
ethanol_formation	metabolic	catabolic	ETHANOL_ADHE	2	44	113	1	RHEA:25290	1	1
pyrimidine_core_biosynthesis	metabolic	anabolic	PYR_DHODH_NAD	6	39	353	3	RHEA:18633	0.5897	2.581
methionine_biosynthesis_transsulfuration	metabolic	anabolic	MET_TS_ACETYL_FOLATE	4	38	35	1	RHEA:30931	1	1
leucine_biosynthesis	metabolic	anabolic	LEU_CANONICAL	5	37	479	3	RHEA:18321	0.5405	2.633
quinolinate_biosynthesis_aspartate	metabolic	anabolic	QUIN_NADB	2	37	419	2	RHEA:25876	0.973	1.132
catechol_meta_cleavage	metabolic	catabolic	CATECHOL_META_HYDROLYTIC	2	35	19	2	RHEA:14549	0.8286	1.581
proline_biosynthesis	metabolic	anabolic	PRO_CANONICAL	3	34	466	3	RHEA:19541	0.4706	2.882
fucose_degradation_isomerase	metabolic	catabolic	FUC_ISOMERASE	3	33	2	2	RHEA:12376	0.9697	1.145
ornithine_biosynthesis	metabolic	anabolic	ORN_TRANSACETYLASE	5	33	412	2	RHEA:18049	0.9697	1.145
betaine_demethylation	metabolic	catabolic	BETAINE_GBC_DMGDH	2	32	17	1	RHEA:45700	1	1
ornithine_biosynthesis	metabolic	anabolic	ORN_DEACETYLASE	5	32	412	4	RHEA:18049	0.4062	3.177
type_ii_secretion_system	structural		ARCH_T2SS_CANONICAL	5	31	58	3	SF_T2SS_INNER_MEMBRANE_PLATFORM	0.6774	2.083
isoleucine_biosynthesis	metabolic	anabolic	ILE_CANONICAL	4	31	491	3	RHEA:24801	0.7097	2.197
proline_reduction_stickland	metabolic	catabolic	PRD_STICKLAND	2	31	9	2	RHEA:12737	0.9677	1.153
ectoine_degradation	metabolic	catabolic	ECTOINE_DEG_DOEAB	2	30	16	1	RHEA:40951	1	1
type_i_restriction_modification	defense		MECH_TYPE_I_RM	3	29	348	3	DF_TYPE_I_RM_RESTRICTION	0.6552	2.263
menaquinone_biosynthesis	metabolic	anabolic	MK_CLASSIC	7	28	84	6	RHEA:10196	0.3214	4.589
oxopentenoate_degradation	metabolic	catabolic	OXOPENTENOATE_LOWER	3	28	36	2	RHEA:22580	0.8929	1.406
taurine_degradation_sulfoacetaldehyde	metabolic	catabolic	TAURINE_TPA_XSC	2	27	27	1	RHEA:24204	1	1
quinolinate_biosynthesis_aspartate	metabolic	anabolic	QUIN_NADX	2	25	419	1	RHEA:25888	1	1
oxoglutarate_to_succinate	metabolic	catabolic	TCA2_KGD_SSADH_NADP	2	25	402	1	RHEA:10524	1	1
corrin_ring_biosynthesis	metabolic	anabolic	CORRIN_AEROBIC	11	24	58	3	RHEA:15341	0.4167	2.955
galacturonate_degradation	metabolic	catabolic	GALUA_ISOMERASE	3	24	69	3	RHEA:17813	0.4583	2.897
riboflavin_biosynthesis	metabolic	anabolic	RIBOFLAVIN_GTP	6	24	533	1	RHEA:18457	1	1
dap_biosynthesis	metabolic	anabolic	DAP_DEHYDROGENASE	3	23	390	2	RHEA:13561	0.913	1.344
pectate_lyase_degradation	metabolic	catabolic	PECTATE_LYASE	5	23	4	4	RHEA:20269	0.7391	2.311
adenylate_biosynthesis	metabolic	anabolic	AMP_ADENYLOSUCCINATE	2	22	622	2	RHEA:16853	0.8636	1.489
type_iva_pilus	structural		ARCH_T4AP_CORE	6	21	67	5	SF_T4AP_ALIGNMENT_COMPLEX	0.6667	2.893
phenylacetate_degradation	metabolic	catabolic	PAA_COA_EPOXIDASE	8	21	0	2	RHEA:34799	0.9048	1.37
assimilatory_sulfate_reduction	metabolic	anabolic	SULFATE_PAPS_FD	4	19	168	1	RHEA:23132	1	1
type_vi_secretion_apparatus	structural		ARCH_T6SS_I	7	18	44	5	SF_T6SS_MEMBRANE_COMPLEX	0.4444	3.916
heme_b_biosynthesis	metabolic	anabolic	HEME_COPRO	4	18	408	1	RHEA:56516	1	1
methionine_biosynthesis_transsulfuration	metabolic	anabolic	MET_TS_PHOSPHO_B12	4	18	35	1	RHEA:80891	1	1
taurine_degradation_sulfoacetaldehyde	metabolic	catabolic	TAURINE_TAUXY_XSC	2	18	27	2	RHEA:18709	0.9444	1.239
purine_core_biosynthesis	metabolic	anabolic	PCR_FOLATE_TWOSTEP_FOLATE	11	16	407	5	RHEA:15053	0.25	4.859
dap_biosynthesis	metabolic	anabolic	DAP_ACETYL	6	15	390	3	RHEA:13085	0.5333	2.416
glcnac_degradation	metabolic	catabolic	GLCNAC_PTS	3	15	98	2	RHEA:12172	0.9333	1.278
plp_biosynthesis_dxp	metabolic	anabolic	PLP_DXP	6	14	19	2	RHEA:12056	0.9286	1.293
neuac_degradation	metabolic	catabolic	NEUAC_LYASE	5	13	2	2	RHEA:25253	0.9231	1.312
betaine_demethylation	metabolic	catabolic	BETAINE_GBC_DMGO	2	12	17	1	RHEA:45700	1	1
biotin_biosynthesis	metabolic	anabolic	BIOTIN_LYS	4	12	192	2	RHEA:26329	0.8333	1.569
nad_biosynthesis_namn	metabolic	anabolic	NAD_NH3	2	12	327	1	RHEA:22860	1	1
carnitine_to_betaine	metabolic	catabolic	CARNITINE_CDH	2	11	39	2	RHEA:47044	0.5455	1.992
oxoglutarate_to_succinate	metabolic	catabolic	TCA2_ODH_SCS	2	11	402	1	RHEA:27786	1	1
dihydroxyphenylpropanoate_degradation	metabolic	catabolic	DHPP_EXTRADIOL	2	10	2	2	RHEA:34187	0.6	1.96
siroheme_to_heme_b	metabolic	anabolic	AHB_AHBD	3	9	35	2	RHEA:19093	0.8889	1.417
oxoisovalerate_biosynthesis	metabolic	anabolic	OIV_CANONICAL	3	9	513	2	RHEA:24809	0.6667	1.89
allantoin_degradation	metabolic	catabolic	ALLANTOIN_DEIMINASE	4	8	19	1	RHEA:11304	1	1
methionine_biosynthesis_sulfhydrylation	metabolic	anabolic	MET_SH_ACETYL_FOLATE	3	8	398	2	RHEA:27822	0.875	1.458
cysteine_biosynthesis_homocysteine	metabolic	anabolic	CYS_RT_OAS	3	7	103	2	RHEA:32743	0.7143	1.819
ribitol_phosphate_wall_teichoic_acid	structural		ARCH_RIBITOL_WTA_STAPHYLOCOCCUS	7	6	2	1	SF_RIBITOL_WTA_STAPH_POLYMERIZATION	1	1
catechol_ortho_cleavage	metabolic	catabolic	CATECHOL_ORTHO	4	6	10	2	RHEA:10184	0.6667	1.89
heme_b_biosynthesis	metabolic	anabolic	HEME_PROTO_HEMN_HEMG	4	6	408	3	RHEA:19865	0.6667	2.381
methionine_biosynthesis_transsulfuration	metabolic	anabolic	MET_TS_PHOSPHO_FOLATE	4	6	35	1	RHEA:80891	1	1
catechol_meta_cleavage	metabolic	catabolic	CATECHOL_META_OXALOCROTONATE	4	5	19	1	RHEA:17337	1	1
dihydroxybenzoate_biosynthesis	metabolic	anabolic	DHB_CHORISMATE	3	5	21	1	RHEA:11112	1	1
assimilatory_sulfate_reduction	metabolic	anabolic	SULFATE_APS_NADPH	3	5	168	2	RHEA:21976	0.6	1.96
type_iii_secretion_injectisome	structural		ARCH_T3SS_INJECTISOME	7	4	3	3	SF_T3SS_INNER_ROD	0.5	2.828
heme_b_biosynthesis	metabolic	anabolic	HEME_PROTO_HEMF_HEMG	4	4	408	2	RHEA:27409	0.75	1.755
pectin_degradation	metabolic	catabolic	PECTIN_SACCHARIFICATION	2	4	100	1	RXN_PECTIN_ENDO_PG	1	1
betaine_demethylation	metabolic	catabolic	BETAINE_GBC_DGC	2	3	17	2	RHEA:74167	0.6667	1.89
purine_core_biosynthesis	metabolic	anabolic	PCR_FORMATE_DIRECT_FOLATE	10	3	407	1	RHEA:10792	1	1
propionate_formation_propanediol	metabolic	catabolic	PROPIONATE_PDU	4	3	0	1	RHEA:23148	1	1
fumarate_oxaloacetate_interconversion	metabolic	interconversion	TCA4_FUMARASE_MQO	2	3	416	1	RHEA:12460	1	1
benzoate_degradation_catechol	metabolic	catabolic	BENZOATE_TO_CATECHOL	2	2	17	1	RHEA:11560	1	1
choline_to_betaine	metabolic	anabolic	BETAINE_CMO	2	2	64	1	RHEA:15305	1	1
phosphate_starvation_response	regulatory		CIRCUIT_PHO_PHOR_PHOP	2	2	226	1	RF_PHO_SIGNAL_RECEPTION	1	1
dap_biosynthesis	metabolic	anabolic	DAP_SUCCINYL	6	2	390	1	RHEA:34171	1	1
methionine_biosynthesis_sulfhydrylation	metabolic	anabolic	MET_SH_SUCCINYL_B12	3	2	398	2	RHEA:11172	0.5	2
nitrate_assimilation	metabolic	anabolic	NITRATE_ASSIM_NAS_FD	2	2	103	1	RHEA:18041	1	1
choline_to_betaine	metabolic	anabolic	BETAINE_GBS	2	1	64	1	RHEA:15305	1	1
ectoine_biosynthesis	metabolic	anabolic	ECT_ABC	3	1	54	1	RHEA:16901	1	1
heme_b_biosynthesis	metabolic	anabolic	HEME_PROTO_HEMN_HEMY	4	1	408	1	RHEA:22584	1	1
phenylpropanoate_dihydroxylation	metabolic	catabolic	PHENYLPROPANOATE_DIOXYGENASE	2	1	3	1	RHEA:20357	1	1
propionate_formation_acrylate	metabolic	catabolic	PROPIONATE_ACRYLATE	3	1	1	1	RHEA:34691	1	1
thiazole_phosphate_biosynthesis	metabolic	anabolic	THZ_THIO	2	1	295	1	RHEA:26297	1	1
urate_degradation	metabolic	catabolic	URATE_URICASE	2	1	54	1	RHEA:23736	1	1
