detection	frame_id	reference_frame	bounded	member_count	metric_id	unit	equivalence_margin	contrast	estimate	standard_error	degrees_freedom	confidence_low	confidence_high	p_value	equivalence_p_value	minimum_effect_p_value	model_status	confidence_floor	q_value	equivalence_q_value	minimum_effect_q_value
0.001	amino_acid_autonomy	Amino-acid autonomy	TRUE	22	abundance_weighted_genome_richness	count	1	day_21_minus_day_7	-2.60935365026582	0.16653424354262	338	-2.93692772479059	-2.28177957574104	5.60931890426344e-42	1	5.7273625373603e-20	ok	ambiguous withheld	1.63964706432316e-41	1	5.44099441049229e-19
0.001	amino_acid_autonomy	Amino-acid autonomy	TRUE	22	abundance_weighted_genome_richness	count	1	day_35_minus_day_7	-3.39904632112882	0.162739496278812	338	-3.71915610004355	-3.0789365422141	8.4612477639258e-63	1	1.25183048312295e-38	ok	ambiguous withheld	8.0381853757295e-62	1	2.3784779179336e-37
0.001	aromatic_catabolism	Aromatic catabolism	FALSE	12	abundance_weighted_genome_richness	count	1	day_21_minus_day_7	-0.000474125690154843	0.00727043938641563	338	-0.0147751331149974	0.0138268817346878	0.948043124662556	5.04694623745207e-299	1	ok	ambiguous withheld	0.973665911815598	3.19639928371964e-298	1
0.001	aromatic_catabolism	Aromatic catabolism	FALSE	12	abundance_weighted_genome_richness	count	1	day_35_minus_day_7	-0.0114641851161781	0.0071063575209164	338	-0.0254424423120357	0.00251407207967964	0.107627880024401	1.01181749236069e-300	1	ok	ambiguous withheld	0.120289983556684	7.68981294194125e-300	1
0.001	biomass_essential_anabolism	biomass-essential anabolic GIFTs	TRUE	44	abundance_weighted_genome_richness	count	1	day_21_minus_day_7	-3.50744242450727	0.239943590011588	338	-3.9794132202078	-3.03547162880673	7.63790469834764e-38	1	1.22926871197545e-22	ok	ambiguous withheld	1.93493585691473e-37	1	1.55707370183558e-21
0.001	biomass_essential_anabolism	biomass-essential anabolic GIFTs	TRUE	44	abundance_weighted_genome_richness	count	1	day_35_minus_day_7	-4.47277414746051	0.234384566023599	338	-4.9338103023365	-4.01173799258452	1.31055588589434e-55	1	6.36917640011838e-39	ok	ambiguous withheld	9.96022473279699e-55	1	2.3784779179336e-37
0.001	carbohydrate_degradation	Carbohydrate degradation	FALSE	18	abundance_weighted_genome_richness	count	1	day_21_minus_day_7	-0.536023931142829	0.0483494157334911	338	-0.631127585357096	-0.440920276928562	1.43412305152112e-24	9.58884204444222e-20	1	ok	ambiguous withheld	2.3694206938175e-24	1.40144614495694e-19	1
0.001	carbohydrate_degradation	Carbohydrate degradation	FALSE	18	abundance_weighted_genome_richness	count	1	day_35_minus_day_7	-0.475880160054897	0.0472223070353211	338	-0.568766783219947	-0.382993536889847	4.66521321203763e-21	6.4708575487958e-25	1	ok	ambiguous withheld	6.81838854067038e-21	1.024552445226e-24	1
0.001	carbon_acquisition	Carbon acquisition	FALSE	36	abundance_weighted_genome_richness	count	1	day_21_minus_day_7	-0.870034501427975	0.066797504506217	338	-1.00142568112603	-0.738643321729918	1.04538476871056e-31	0.0262618928170507	0.973738107182949	ok	ambiguous withheld	1.98623106055006e-31	0.0332650642349309	1
0.001	carbon_acquisition	Carbon acquisition	FALSE	36	abundance_weighted_genome_richness	count	1	day_35_minus_day_7	-0.882236715492582	0.0652563120417857	338	-1.01059635834596	-0.753877072639207	1.36378319148291e-33	0.0360115328894984	0.963988467110502	ok	ambiguous withheld	2.87909784868615e-33	0.0441431693484174	1
0.001	chemical_detoxification	Chemical detoxification	FALSE	3	abundance_weighted_genome_richness	count	1	day_21_minus_day_7	-0.103124006680117	0.0173720426786306	338	-0.137294941630207	-0.0689530717300275	7.23370393543598e-09	1.0767008065888e-162	1	ok	ambiguous withheld	9.16269165155224e-09	3.14727928079804e-162	1
0.001	chemical_detoxification	Chemical detoxification	FALSE	3	abundance_weighted_genome_richness	count	1	day_35_minus_day_7	-0.122085070991043	0.0169670778143071	338	-0.155459437092445	-0.0887107048896411	4.04669795799649e-12	5.53083727642277e-163	1	ok	ambiguous withheld	5.49194722870952e-12	1.75143180420054e-162	1
0.001	cofactor_autonomy	Cofactor autonomy	TRUE	15	abundance_weighted_genome_richness	count	1	day_21_minus_day_7	-0.292225663967105	0.0408706423699106	338	-0.372618516300385	-0.211832811633824	5.39657105936747e-12	7.64015337831183e-49	1	ok	ambiguous withheld	7.07136897434359e-12	1.45162914187925e-48	1
0.001	cofactor_autonomy	Cofactor autonomy	TRUE	15	abundance_weighted_genome_richness	count	1	day_35_minus_day_7	-0.40357065819825	0.0398965530232311	338	-0.482047469665369	-0.325093846731132	3.46489656494888e-21	1.91917319690454e-39	1	ok	ambiguous withheld	5.2666427787223e-21	3.4727895943987e-39	1
0.001	extracellular_public_goods	Extracellular processing outputs	FALSE	3	abundance_weighted_genome_richness	count	1	day_21_minus_day_7	-0.158025899600344	0.0128990634967959	338	-0.183398451799302	-0.132653347401385	8.34539615947858e-29	5.67776161541296e-194	1	ok	ambiguous withheld	1.44147751845539e-28	3.08221344836704e-193	1
0.001	extracellular_public_goods	Extracellular processing outputs	FALSE	3	abundance_weighted_genome_richness	count	1	day_35_minus_day_7	-0.187769425500173	0.0125953329231364	338	-0.21254453744027	-0.162994313560076	5.58673778638405e-39	2.53335130231095e-192	1	ok	ambiguous withheld	1.51640025630424e-38	1.2033418685977e-191	1
0.001	fermentation_products	Fermentation products	FALSE	11	abundance_weighted_genome_richness	count	1	day_21_minus_day_7	-0.491841370535342	0.02713452415699	338	-0.545215177923619	-0.438467563147066	8.87788773954677e-52	1.73661436959737e-54	1	ok	ambiguous withheld	4.81942477289682e-51	3.47322873919473e-54	1
0.001	fermentation_products	Fermentation products	FALSE	11	abundance_weighted_genome_richness	count	1	day_35_minus_day_7	-0.725511663055245	0.0265125484482547	338	-0.777662039677381	-0.673361286433108	9.83511537640063e-88	2.65780977506386e-22	1	ok	ambiguous withheld	3.73734384303224e-86	4.03987085809707e-22	1
0.001	host_glycan_foraging	Host glycan foraging	FALSE	7	abundance_weighted_genome_richness	count	1	day_21_minus_day_7	-0.224060368653876	0.0272989800450911	338	-0.277757661976329	-0.170363075331423	4.80285767120795e-15	6.33829835917647e-92	1	ok	ambiguous withheld	6.75957746318156e-15	1.50534586030441e-91	1
0.001	host_glycan_foraging	Host glycan foraging	FALSE	7	abundance_weighted_genome_richness	count	1	day_35_minus_day_7	-0.0959862854912811	0.0266625207055095	338	-0.148431658639835	-0.0435409123427272	0.000365795540019424	4.24982638913267e-111	1	ok	ambiguous withheld	0.000434382203773066	1.07662268524694e-110	1
0.001	nitrogen_acquisition	Nitrogen acquisition	FALSE	20	abundance_weighted_genome_richness	count	1	day_21_minus_day_7	-0.638254508889994	0.0388075490010815	338	-0.714589241484198	-0.561919776295789	4.56465218807323e-45	7.65597167324137e-19	1	ok	ambiguous withheld	1.92729759051981e-44	1.07750712438212e-18	1
0.001	nitrogen_acquisition	Nitrogen acquisition	FALSE	20	abundance_weighted_genome_richness	count	1	day_35_minus_day_7	-0.696095167797013	0.0379089911930051	338	-0.770662430613674	-0.621527904980352	1.00565051619885e-52	8.95012297305804e-15	0.999999999999991	ok	ambiguous withheld	6.36911993592606e-52	1.21465954634359e-14	1
0.001	nucleotide_autonomy	Nucleotide autonomy	TRUE	4	abundance_weighted_genome_richness	count	1	day_21_minus_day_7	-0.50227093728723	0.0344379894294514	338	-0.570010714259642	-0.434531160314818	1.02762757690635e-37	1.68024535000602e-37	1	ok	ambiguous withheld	2.29704987779067e-37	2.90224196819222e-37	1
0.001	nucleotide_autonomy	Nucleotide autonomy	TRUE	4	abundance_weighted_genome_richness	count	1	day_35_minus_day_7	-0.546078949664969	0.0336192082801933	338	-0.612208178130954	-0.479949721198984	2.94839890932122e-44	7.97281070109614e-34	1	ok	ambiguous withheld	9.33659654618387e-44	1.31724698539849e-33	1
0.001	nutrient_uptake	Nutrient uptake	FALSE	3	abundance_weighted_genome_richness	count	1	day_21_minus_day_7	-0.00441527374268393	0.0051863356949192	338	-0.0146168339701645	0.00578628648479662	0.39518980633872	0	1	ok	ambiguous withheld	0.41714479557976	0	1
0.001	nutrient_uptake	Nutrient uptake	FALSE	3	abundance_weighted_genome_richness	count	1	day_35_minus_day_7	-0.0118970992093472	0.00506928862379304	338	-0.0218684269922304	-0.00192577142646398	0.0195072095605018	0	1	ok	ambiguous withheld	0.022462847372699	0	1
0.001	plant_fibre_utilisation	Plant fibre utilisation	FALSE	13	abundance_weighted_genome_richness	count	1	day_21_minus_day_7	-0.29465529684351	0.0289715872577915	338	-0.35164262078122	-0.237667972905801	2.2488716284844e-21	1.22732599991403e-76	1	ok	ambiguous withheld	3.56071341176697e-21	2.74343458804312e-76	1
0.001	plant_fibre_utilisation	Plant fibre utilisation	FALSE	13	abundance_weighted_genome_richness	count	1	day_35_minus_day_7	-0.374451487769903	0.0283117267994676	338	-0.43014086136207	-0.318762114177737	1.80205524689922e-32	7.07734091933734e-68	1	ok	ambiguous withheld	3.60411049379844e-32	1.49410530519344e-67	1
0.001	released_bioactive_products	Released bioactive products	FALSE	5	abundance_weighted_genome_richness	count	1	day_21_minus_day_7	0.0754280361688885	0.0156167276306683	338	0.0447098187506649	0.106146253587112	2.07378611052409e-06	8.54217130102695e-181	1	ok	ambiguous withheld	2.54206039354566e-06	3.60669454932249e-180	1
0.001	released_bioactive_products	Released bioactive products	FALSE	5	abundance_weighted_genome_richness	count	1	day_35_minus_day_7	0.222627635262634	0.0152466914388114	338	0.192637281739004	0.252617988786263	8.82653262378921e-38	4.55621299220889e-161	1	ok	ambiguous withheld	2.09630149814994e-37	1.23668638359956e-160	1
0.001	shikimate_derived_biosynthesis	Shikimate-derived biosynthesis	FALSE	10	abundance_weighted_genome_richness	count	1	day_21_minus_day_7	-0.694822974918206	0.0391391767172193	338	-0.771810021654473	-0.617835928181938	2.7743391863186e-50	3.95944469415951e-14	0.99999999999996	ok	ambiguous withheld	1.31781111350134e-49	5.18823787510556e-14	1
0.001	shikimate_derived_biosynthesis	Shikimate-derived biosynthesis	FALSE	10	abundance_weighted_genome_richness	count	1	day_35_minus_day_7	-0.94634301239602	0.0382558698343116	338	-1.02159258803605	-0.871093436755995	7.74596637851996e-78	0.0808296952399507	0.919170304760049	ok	ambiguous withheld	1.47173361191879e-76	0.0959852630974415	1
0.001	short_chain_fatty_acids	Short-chain fatty acids	FALSE	4	abundance_weighted_genome_richness	count	1	day_21_minus_day_7	-0.219472520079744	0.0134020692065886	338	-0.245834488187172	-0.193110551972316	8.7224684124034e-45	1.3437548212411e-178	1	ok	ambiguous withheld	3.31453799671329e-44	5.10626832071618e-178	1
0.001	short_chain_fatty_acids	Short-chain fatty acids	FALSE	4	abundance_weighted_genome_richness	count	1	day_35_minus_day_7	-0.320037563220222	0.0130955242650844	338	-0.345796555186663	-0.29427857125378	1.08135310955667e-76	1.93767483837483e-163	1	ok	ambiguous withheld	1.36971393877178e-75	6.69378580529487e-163	1
0.001	sulfur_acquisition	Sulfur acquisition	FALSE	4	abundance_weighted_genome_richness	count	1	day_21_minus_day_7	3.14137196742211e-05	0.00505022630460836	338	-0.00990241834201444	0.00996524578136288	0.995040652347037	0	1	ok	ambiguous withheld	0.995040652347037	0	1
0.001	sulfur_acquisition	Sulfur acquisition	FALSE	4	abundance_weighted_genome_richness	count	1	day_35_minus_day_7	-0.00736122371611394	0.00493625099866321	338	-0.017070865517773	0.00234841808554508	0.136826440724982	0	1	ok	ambiguous withheld	0.148554421358552	0	1
0.001	vitamin_biosynthesis	Vitamin biosynthesis	FALSE	20	abundance_weighted_genome_richness	count	1	day_21_minus_day_7	-1.09599064774643	0.0886119754180238	338	-1.27029105120635	-0.921690244286516	3.05523128898448e-29	0.860269509682453	0.139730490317547	ok	ambiguous withheld	5.52851376101954e-29	0.990613374785855	0.884959772011132
0.001	vitamin_biosynthesis	Vitamin biosynthesis	FALSE	20	abundance_weighted_genome_richness	count	1	day_35_minus_day_7	-1.41065040893394	0.0865121814936705	338	-1.58082050239376	-1.24048031547412	1.65978382505889e-44	0.999998471325677	1.52867432263155e-06	ok	ambiguous withheld	5.73379866838524e-44	1	1.16179248519998e-05
