variant	detection	frame_id	contrast	observed	observed_low	observed_high	observed_q_value	size_expected	size_expected_low	size_expected_high	size_expected_q_value	deviation	deviation_low	deviation_high	deviation_q_value	share_reproduced_by_size	reference_frame	member_count
abundance-weighted	0.001	all_gifts	day_21_minus_day_7	-6.2748	-7.2181	-5.3314	9.516e-32	-4.2079	-4.7973	-3.6185	2.107e-35	-2.0592	-2.5377	-1.5808	1.032e-15	0.6706	All GIFTs	163
abundance-weighted	0.001	all_gifts	day_35_minus_day_7	-8.1531	-9.0746	-7.2316	1.513e-48	-5.7082	-6.284	-5.1323	8.464e-57	-2.4406	-2.908	-1.9732	1.393e-21	0.7001	All GIFTs	163
abundance-weighted	0.001	all_metabolic	day_21_minus_day_7	-6.2752	-7.1685	-5.3819	1.557e-34	-3.7104	-4.2339	-3.1869	5.153e-35	-2.5599	-3.0339	-2.0858	8.629e-23	0.5913	All metabolic GIFTs	143
abundance-weighted	0.001	all_metabolic	day_35_minus_day_7	-8.0237	-8.8963	-7.151	3.019e-51	-5.0376	-5.549	-4.5262	2.551e-56	-2.9833	-3.4464	-2.5202	3.363e-30	0.6278	All metabolic GIFTs	143
abundance-weighted	0.001	amino_acid_autonomy	day_21_minus_day_7	-2.6094	-2.9369	-2.2818	1.04e-41	-1.1532	-1.3087	-0.9977	1.74e-37	-1.4574	-1.6619	-1.2529	2.63e-35	0.442	Amino-acid autonomy	22
abundance-weighted	0.001	amino_acid_autonomy	day_35_minus_day_7	-3.399	-3.7192	-3.0789	3.439e-62	-1.5354	-1.6873	-1.3834	3.017e-58	-1.8646	-2.0644	-1.6648	2.519e-52	0.4517	Amino-acid autonomy	22
abundance-weighted	0.001	aromatic_catabolism	day_21_minus_day_7	-5e-04	-0.0148	0.0138	0.9499	-0.0628	-0.0708	-0.0548	1.792e-40	0.0624	0.048	0.0767	5.5e-16	132.4603	Aromatic catabolism	12
abundance-weighted	0.001	aromatic_catabolism	day_35_minus_day_7	-0.0115	-0.0254	0.0025	0.1119	-0.0819	-0.0897	-0.074	1.318e-60	0.0704	0.0564	0.0844	2.933e-20	7.1407	Aromatic catabolism	12
abundance-weighted	0.001	biomass_essential_anabolism	day_21_minus_day_7	-3.5146	-3.9896	-3.0395	2.291e-37	-1.8459	-2.0965	-1.5954	3.882e-37	-1.6654	-1.9431	-1.3876	5.917e-27	0.5252	Biomass-essential anabolic GIFTs	44
abundance-weighted	0.001	biomass_essential_anabolism	day_35_minus_day_7	-4.4853	-4.9493	-4.0213	6.6e-55	-2.4609	-2.7057	-2.2162	7.155e-58	-2.0228	-2.2941	-1.7515	8.49e-38	0.5487	Biomass-essential anabolic GIFTs	44
abundance-weighted	0.001	carbohydrate_degradation	day_21_minus_day_7	-0.5659	-0.6897	-0.4421	2.345e-17	-0.2499	-0.2965	-0.2033	1.572e-22	-0.3163	-0.4115	-0.2211	2.907e-10	0.4416	Carbohydrate degradation	18
abundance-weighted	0.001	carbohydrate_degradation	day_35_minus_day_7	-0.4615	-0.5824	-0.3407	6.891e-13	-0.3755	-0.421	-0.33	6.232e-44	-0.0858	-0.1788	0.0072	0.07371	0.8136	Carbohydrate degradation	18
abundance-weighted	0.001	carbon_acquisition	day_21_minus_day_7	-0.9173	-1.0748	-0.7597	9.882e-26	-0.4194	-0.493	-0.3459	6.779e-25	-0.499	-0.6053	-0.3928	3.924e-18	0.4573	Carbon acquisition	36
abundance-weighted	0.001	carbon_acquisition	day_35_minus_day_7	-0.9802	-1.1341	-0.8264	1.125e-29	-0.6172	-0.689	-0.5454	1.369e-46	-0.3633	-0.4671	-0.2594	3.668e-11	0.6297	Carbon acquisition	36
abundance-weighted	0.001	chemical_detoxification	day_21_minus_day_7	-0.0544	-0.1106	0.0019	0.06116	-0.2127	-0.2431	-0.1822	3.512e-34	0.1606	0.1179	0.2033	1.42e-12	3.9117	Chemical detoxification	5
abundance-weighted	0.001	chemical_detoxification	day_35_minus_day_7	-0.1443	-0.1992	-0.0895	4.777e-07	-0.2941	-0.3239	-0.2643	1.611e-56	0.1513	0.1096	0.193	7.4e-12	2.0376	Chemical detoxification	5
abundance-weighted	0.001	cofactor_autonomy	day_21_minus_day_7	-0.2987	-0.385	-0.2124	5.696e-11	-0.4687	-0.5329	-0.4044	1.455e-36	0.174	0.1126	0.2353	6.04e-08	1.5688	Cofactor autonomy	15
abundance-weighted	0.001	cofactor_autonomy	day_35_minus_day_7	-0.4159	-0.5001	-0.3316	1.107e-19	-0.6292	-0.692	-0.5664	1.27e-57	0.2152	0.1553	0.2751	1.177e-11	1.513	Cofactor autonomy	15
abundance-weighted	0.001	extracellular_public_goods	day_21_minus_day_7	-0.1139	-0.14	-0.0879	3.521e-16	-0.0893	-0.1032	-0.0755	2.631e-30	-0.0243	-0.0431	-0.0054	0.01304	0.7841	Extracellular processing outputs	3
abundance-weighted	0.001	extracellular_public_goods	day_35_minus_day_7	-0.1201	-0.1455	-0.0947	2.385e-18	-0.1265	-0.14	-0.113	1.499e-52	0.0067	-0.0117	0.0252	0.4794	1.0531	Extracellular processing outputs	3
abundance-weighted	0.001	fermentation_products	day_21_minus_day_7	-0.4969	-0.5511	-0.4426	5.758e-51	-0.0247	-0.0329	-0.0164	1.099e-08	-0.4721	-0.5269	-0.4174	7.463e-47	0.0496	Fermentation products	11
abundance-weighted	0.001	fermentation_products	day_35_minus_day_7	-0.7362	-0.7892	-0.6832	1.451e-86	-0.0264	-0.0344	-0.0184	4.547e-10	-0.7099	-0.7634	-0.6564	3.691e-82	0.0359	Fermentation products	11
abundance-weighted	0.001	host_glycan_foraging	day_21_minus_day_7	-0.2289	-0.2827	-0.175	2.166e-15	-0.0808	-0.0961	-0.0655	5.307e-22	-0.1482	-0.1932	-0.1032	4.204e-10	0.3531	Host glycan foraging	7
abundance-weighted	0.001	host_glycan_foraging	day_35_minus_day_7	-0.1422	-0.1948	-0.0896	2.324e-07	-0.1214	-0.1363	-0.1064	5.767e-43	-0.0209	-0.0649	0.0231	0.3589	0.8537	Host glycan foraging	7
abundance-weighted	0.001	nitrogen_acquisition	day_21_minus_day_7	-0.6545	-0.7294	-0.5795	1.265e-47	-0.3325	-0.3825	-0.2826	8.753e-32	-0.3222	-0.3639	-0.2806	5.356e-40	0.5081	Nitrogen acquisition	20
abundance-weighted	0.001	nitrogen_acquisition	day_35_minus_day_7	-0.8078	-0.881	-0.7345	2.618e-65	-0.4611	-0.5099	-0.4123	3.108e-53	-0.3469	-0.3876	-0.3063	3.925e-46	0.5709	Nitrogen acquisition	20
abundance-weighted	0.001	nucleotide_autonomy	day_21_minus_day_7	-0.5023	-0.57	-0.4345	1.74e-37	-0.1282	-0.1455	-0.1109	1.963e-37	-0.3735	-0.4278	-0.3193	1.752e-33	0.2552	Nucleotide autonomy	4
abundance-weighted	0.001	nucleotide_autonomy	day_35_minus_day_7	-0.5461	-0.6122	-0.4799	5.684e-44	-0.1665	-0.1834	-0.1496	2.591e-56	-0.3793	-0.4323	-0.3264	1.398e-35	0.3049	Nucleotide autonomy	4
abundance-weighted	0.001	nutrient_uptake	day_21_minus_day_7	-0.0044	-0.0146	0.0058	0.4031	-0.0185	-0.022	-0.0149	8.125e-22	0.0137	0.0042	0.0233	0.005773	4.1797	Nutrient uptake	3
abundance-weighted	0.001	nutrient_uptake	day_35_minus_day_7	-0.0119	-0.0219	-0.0019	0.0212	-0.0278	-0.0312	-0.0243	9.236e-43	0.0157	0.0063	0.0251	0.00127	2.3342	Nutrient uptake	3
abundance-weighted	0.001	plant_fibre_utilisation	day_21_minus_day_7	-0.3047	-0.3854	-0.224	1.187e-12	-0.1885	-0.2214	-0.1556	4.174e-25	-0.1174	-0.1797	-0.0551	0.0002914	0.6186	Plant fibre utilisation	13
abundance-weighted	0.001	plant_fibre_utilisation	day_35_minus_day_7	-0.2879	-0.3668	-0.2091	5.641e-12	-0.2778	-0.3099	-0.2457	4.96e-47	-0.0105	-0.0714	0.0504	0.7402	0.9647	Plant fibre utilisation	13
abundance-weighted	0.001	released_bioactive_products	day_21_minus_day_7	0.0754	0.0447	0.1061	2.493e-06	-0.0593	-0.0672	-0.0513	5.996e-38	0.1351	0.1045	0.1658	2.456e-16	-0.7858	Released bioactive products	5
abundance-weighted	0.001	released_bioactive_products	day_35_minus_day_7	0.2226	0.1926	0.2526	1.5e-37	-0.0799	-0.0877	-0.0722	6.818e-60	0.3029	0.2729	0.3328	2.51e-58	-0.3591	Released bioactive products	5
abundance-weighted	0.001	shikimate_derived_biosynthesis	day_21_minus_day_7	-0.696	-0.7735	-0.6184	1.633e-49	-0.3027	-0.3437	-0.2616	3.983e-37	-0.3933	-0.4465	-0.3402	2.315e-37	0.4349	Shikimate-derived biosynthesis	10
abundance-weighted	0.001	shikimate_derived_biosynthesis	day_35_minus_day_7	-0.954	-1.0298	-0.8782	4.203e-77	-0.4081	-0.4482	-0.3679	1.011e-58	-0.5461	-0.5981	-0.4942	2.205e-61	0.4277	Shikimate-derived biosynthesis	10
abundance-weighted	0.001	short_chain_fatty_acids	day_21_minus_day_7	-0.2241	-0.252	-0.1963	2.191e-42	-0.0265	-0.0301	-0.0229	2.35e-37	-0.1977	-0.2243	-0.171	1.557e-37	0.1182	Short-chain fatty acids	4
abundance-weighted	0.001	short_chain_fatty_acids	day_35_minus_day_7	-0.3307	-0.3579	-0.3035	6.283e-74	-0.0347	-0.0382	-0.0312	8.272e-57	-0.296	-0.322	-0.27	6.075e-68	0.105	Short-chain fatty acids	4
abundance-weighted	0.001	sulfur_acquisition	day_21_minus_day_7	0	-0.0099	0.01	0.995	-0.0502	-0.0587	-0.0417	2.872e-26	0.0505	0.0398	0.0611	2.288e-18	-1597.161	Sulfur acquisition	4
abundance-weighted	0.001	sulfur_acquisition	day_35_minus_day_7	-0.0074	-0.0171	0.0023	0.1417	-0.0727	-0.081	-0.0644	8.412e-48	0.0654	0.055	0.0758	5.031e-29	9.875	Sulfur acquisition	4
abundance-weighted	0.001	vitamin_biosynthesis	day_21_minus_day_7	-1.0987	-1.2759	-0.9216	1.905e-28	-0.7074	-0.8057	-0.6091	7.697e-36	-0.3878	-0.4975	-0.278	2.443e-11	0.6438	Vitamin biosynthesis	20
abundance-weighted	0.001	vitamin_biosynthesis	day_35_minus_day_7	-1.4164	-1.5894	-1.2434	1.939e-43	-0.9483	-1.0443	-0.8523	1.678e-56	-0.466	-0.5732	-0.3588	5.639e-16	0.6695	Vitamin biosynthesis	20
MAGs at least 90% complete	0.001	all_gifts	day_21_minus_day_7	-4.2277	-4.6751	-3.7803	3.106e-53	-3.4112	-3.7498	-3.0726	4.963e-58	-0.8206	-0.9706	-0.6706	2.826e-23	0.8069	All GIFTs	163
MAGs at least 90% complete	0.001	all_gifts	day_35_minus_day_7	-6.3458	-6.7831	-5.9085	1.353e-90	-5.0457	-5.3766	-4.7149	3.189e-95	-1.3022	-1.4488	-1.1556	8.279e-49	0.7951	All GIFTs	163
MAGs at least 90% complete	0.001	all_metabolic	day_21_minus_day_7	-4.0271	-4.4521	-3.602	2.003e-53	-3.0217	-3.3235	-2.7199	1.459e-57	-1.009	-1.1678	-0.8502	1.517e-29	0.7504	All metabolic GIFTs	143
MAGs at least 90% complete	0.001	all_metabolic	day_35_minus_day_7	-6.0373	-6.4527	-5.6218	1.06e-90	-4.4762	-4.7711	-4.1813	7.944e-95	-1.563	-1.7183	-1.4078	5.446e-58	0.7414	All metabolic GIFTs	143
MAGs at least 90% complete	0.001	amino_acid_autonomy	day_21_minus_day_7	-1.3898	-1.5472	-1.2325	2.01e-48	-0.9188	-1.0105	-0.8271	1.316e-57	-0.4714	-0.5473	-0.3954	1.722e-28	0.6611	Amino-acid autonomy	22
MAGs at least 90% complete	0.001	amino_acid_autonomy	day_35_minus_day_7	-2.2226	-2.3764	-2.0688	2.828e-90	-1.3664	-1.456	-1.2768	3.189e-95	-0.8564	-0.9306	-0.7822	3.084e-69	0.6148	Amino-acid autonomy	22
MAGs at least 90% complete	0.001	aromatic_catabolism	day_21_minus_day_7	-0.0077	-0.0119	-0.0034	0.0005117	-0.0446	-0.0489	-0.0402	1.771e-59	0.0369	0.0321	0.0418	6.282e-39	5.7988	Aromatic catabolism	12
MAGs at least 90% complete	0.001	aromatic_catabolism	day_35_minus_day_7	-0.0109	-0.015	-0.0067	5.538e-07	-0.0606	-0.0649	-0.0564	2.339e-89	0.0498	0.045	0.0545	3.087e-61	5.5786	Aromatic catabolism	12
MAGs at least 90% complete	0.001	biomass_essential_anabolism	day_21_minus_day_7	-2.0453	-2.2748	-1.8158	4.733e-49	-1.4767	-1.6248	-1.3287	2.847e-57	-0.5689	-0.6661	-0.4717	5.899e-26	0.722	Biomass-essential anabolic GIFTs	44
MAGs at least 90% complete	0.001	biomass_essential_anabolism	day_35_minus_day_7	-3.1197	-3.3439	-2.8954	1e-86	-2.1973	-2.342	-2.0526	7.334e-95	-0.9225	-1.0174	-0.8275	2.809e-55	0.7043	Biomass-essential anabolic GIFTs	44
MAGs at least 90% complete	0.001	carbohydrate_degradation	day_21_minus_day_7	-0.3112	-0.3534	-0.2691	3.036e-37	-0.2271	-0.2505	-0.2036	5.834e-55	-0.0849	-0.1167	-0.0531	3.166e-07	0.7296	Carbohydrate degradation	18
MAGs at least 90% complete	0.001	carbohydrate_degradation	day_35_minus_day_7	-0.3751	-0.4163	-0.3339	1.577e-50	-0.3275	-0.3504	-0.3046	3.145e-89	-0.0479	-0.079	-0.0169	0.002978	0.8732	Carbohydrate degradation	18
MAGs at least 90% complete	0.001	carbon_acquisition	day_21_minus_day_7	-0.5348	-0.5933	-0.4762	8.936e-51	-0.3723	-0.4103	-0.3343	6.555e-56	-0.1633	-0.1969	-0.1298	3.167e-19	0.6961	Carbon acquisition	36
MAGs at least 90% complete	0.001	carbon_acquisition	day_35_minus_day_7	-0.7221	-0.7793	-0.6649	2.285e-77	-0.5399	-0.577	-0.5028	9.298e-91	-0.1826	-0.2154	-0.1498	6.319e-24	0.7477	Carbon acquisition	36
MAGs at least 90% complete	0.001	chemical_detoxification	day_21_minus_day_7	-0.1896	-0.2162	-0.1629	3.473e-35	-0.1718	-0.1884	-0.1552	3.298e-60	-0.0181	-0.0352	-0.001	0.04091	0.9061	Chemical detoxification	5
MAGs at least 90% complete	0.001	chemical_detoxification	day_35_minus_day_7	-0.27	-0.296	-0.2439	3.3e-60	-0.2492	-0.2654	-0.233	5.736e-96	-0.0209	-0.0377	-0.0042	0.01557	0.9229	Chemical detoxification	5
MAGs at least 90% complete	0.001	cofactor_autonomy	day_21_minus_day_7	-0.3625	-0.4052	-0.3199	8.347e-46	-0.3763	-0.4137	-0.3388	7.99e-58	0.0133	-0.0122	0.0388	0.3139	1.0379	Cofactor autonomy	15
MAGs at least 90% complete	0.001	cofactor_autonomy	day_35_minus_day_7	-0.4851	-0.5268	-0.4434	6.908e-70	-0.5585	-0.5951	-0.5219	3.189e-95	0.0732	0.0483	0.0981	2.173e-08	1.1514	Cofactor autonomy	15
MAGs at least 90% complete	0.001	extracellular_public_goods	day_21_minus_day_7	-0.0803	-0.0922	-0.0684	2.306e-32	-0.0754	-0.0828	-0.0679	3.111e-58	-0.0051	-0.0153	0.0051	0.3377	0.9389	Extracellular processing outputs	3
MAGs at least 90% complete	0.001	extracellular_public_goods	day_35_minus_day_7	-0.0878	-0.0994	-0.0761	2.11e-38	-0.1098	-0.1171	-0.1025	5.078e-94	0.0219	0.0119	0.0319	2.505e-05	1.2505	Extracellular processing outputs	3
MAGs at least 90% complete	0.001	fermentation_products	day_21_minus_day_7	-0.2485	-0.2785	-0.2186	3.12e-44	-0.023	-0.0285	-0.0174	1.181e-14	-0.2256	-0.2537	-0.1975	3.625e-42	0.0924	Fermentation products	11
MAGs at least 90% complete	0.001	fermentation_products	day_35_minus_day_7	-0.4204	-0.4497	-0.3911	1.19e-89	-0.0408	-0.0462	-0.0354	3.38e-38	-0.3796	-0.4071	-0.3522	4.782e-86	0.0971	Fermentation products	11
MAGs at least 90% complete	0.001	host_glycan_foraging	day_21_minus_day_7	-0.1463	-0.1656	-0.1269	1.37e-38	-0.0747	-0.0825	-0.0668	7.657e-54	-0.0718	-0.0874	-0.0561	2.128e-17	0.5105	Host glycan foraging	7
MAGs at least 90% complete	0.001	host_glycan_foraging	day_35_minus_day_7	-0.1622	-0.1811	-0.1433	1.936e-46	-0.1092	-0.1169	-0.1015	4.372e-89	-0.0531	-0.0684	-0.0378	5.406e-11	0.6732	Host glycan foraging	7
MAGs at least 90% complete	0.001	nitrogen_acquisition	day_21_minus_day_7	-0.3357	-0.3734	-0.2979	5.966e-49	-0.278	-0.3061	-0.2499	1.01e-56	-0.058	-0.0771	-0.0389	7.745e-09	0.8282	Nitrogen acquisition	20
MAGs at least 90% complete	0.001	nitrogen_acquisition	day_35_minus_day_7	-0.5175	-0.5543	-0.4806	1.258e-87	-0.4112	-0.4386	-0.3837	1.122e-93	-0.1065	-0.1252	-0.0878	7.819e-25	0.7946	Nitrogen acquisition	20
MAGs at least 90% complete	0.001	nucleotide_autonomy	day_21_minus_day_7	-0.2309	-0.2639	-0.1978	2.954e-34	-0.1025	-0.1134	-0.0916	9.162e-53	-0.1282	-0.1524	-0.1041	3.415e-22	0.4441	Nucleotide autonomy	4
MAGs at least 90% complete	0.001	nucleotide_autonomy	day_35_minus_day_7	-0.3177	-0.3499	-0.2854	2.941e-56	-0.1548	-0.1654	-0.1441	1.44e-90	-0.1629	-0.1864	-0.1393	1.213e-33	0.4872	Nucleotide autonomy	4
MAGs at least 90% complete	0.001	nutrient_uptake	day_21_minus_day_7	-0.0124	-0.0159	-0.0089	2.009e-11	-0.0161	-0.0178	-0.0144	2.19e-53	0.0037	6e-04	0.0068	0.02247	1.3006	Nutrient uptake	3
MAGs at least 90% complete	0.001	nutrient_uptake	day_35_minus_day_7	-0.0153	-0.0187	-0.0119	9.729e-17	-0.0224	-0.0241	-0.0208	1.091e-83	0.0071	0.0041	0.0102	6.911e-06	1.469	Nutrient uptake	3
MAGs at least 90% complete	0.001	plant_fibre_utilisation	day_21_minus_day_7	-0.1621	-0.1896	-0.1345	3.725e-26	-0.1661	-0.1829	-0.1493	1.787e-56	0.0035	-0.0192	0.0263	0.7654	1.0246	Plant fibre utilisation	13
MAGs at least 90% complete	0.001	plant_fibre_utilisation	day_35_minus_day_7	-0.1973	-0.2242	-0.1704	8.008e-37	-0.2394	-0.2559	-0.223	6.623e-91	0.0419	0.0196	0.0641	0.0002936	1.2134	Plant fibre utilisation	13
MAGs at least 90% complete	0.001	released_bioactive_products	day_21_minus_day_7	0.0194	0.0109	0.028	1.231e-05	-0.0465	-0.0509	-0.042	3.05e-61	0.0659	0.0564	0.0754	7.256e-34	-2.3898	Released bioactive products	5
MAGs at least 90% complete	0.001	released_bioactive_products	day_35_minus_day_7	0.0681	0.0597	0.0764	3.612e-43	-0.068	-0.0723	-0.0636	5.889e-98	0.136	0.1267	0.1453	1.858e-91	-0.9986	Released bioactive products	5
MAGs at least 90% complete	0.001	shikimate_derived_biosynthesis	day_21_minus_day_7	-0.3851	-0.4252	-0.3451	1.71e-54	-0.2407	-0.2641	-0.2173	1.272e-59	-0.1447	-0.1665	-0.123	7.382e-32	0.6249	Shikimate-derived biosynthesis	10
MAGs at least 90% complete	0.001	shikimate_derived_biosynthesis	day_35_minus_day_7	-0.6333	-0.6724	-0.5941	1.253e-100	-0.3543	-0.3772	-0.3315	1.118e-96	-0.2791	-0.3003	-0.2578	2.973e-81	0.5596	Shikimate-derived biosynthesis	10
MAGs at least 90% complete	0.001	short_chain_fatty_acids	day_21_minus_day_7	-0.0853	-0.0976	-0.0729	1.229e-33	-0.0211	-0.0233	-0.0189	1.644e-54	-0.0642	-0.0752	-0.0532	1.097e-25	0.2475	Short-chain fatty acids	4
MAGs at least 90% complete	0.001	short_chain_fatty_acids	day_35_minus_day_7	-0.1629	-0.175	-0.1509	8.75e-84	-0.0319	-0.034	-0.0297	7.199e-93	-0.131	-0.1418	-0.1203	6.233e-74	0.1957	Short-chain fatty acids	4
MAGs at least 90% complete	0.001	sulfur_acquisition	day_21_minus_day_7	-0.006	-0.0092	-0.0029	0.000191	-0.0416	-0.0459	-0.0374	9.207e-56	0.0356	0.0315	0.0398	3.866e-47	6.8787	Sulfur acquisition	4
MAGs at least 90% complete	0.001	sulfur_acquisition	day_35_minus_day_7	-0.0085	-0.0116	-0.0055	9.086e-08	-0.058	-0.0622	-0.0539	4.719e-87	0.0495	0.0455	0.0535	3.017e-75	6.8092	Sulfur acquisition	4
MAGs at least 90% complete	0.001	vitamin_biosynthesis	day_21_minus_day_7	-1.0451	-1.1465	-0.9437	8.749e-60	-0.572	-0.6299	-0.5141	1.749e-56	-0.4736	-0.5309	-0.4162	5.944e-44	0.5473	Vitamin biosynthesis	20
MAGs at least 90% complete	0.001	vitamin_biosynthesis	day_35_minus_day_7	-1.452	-1.5512	-1.3529	1.919e-91	-0.8537	-0.9104	-0.7971	3.709e-94	-0.5986	-0.6547	-0.5425	1.263e-62	0.588	Vitamin biosynthesis	20
primary	0	all_gifts	day_21_minus_day_7	-0.2415	-0.421	-0.0621	0.009482	-0.1849	-0.3053	-0.0645	0.003114	-0.0566	-0.1175	0.0043	0.07167	0.7656	All GIFTs	163
primary	0	all_gifts	day_35_minus_day_7	-0.1971	-0.3724	-0.0218	0.02973	-0.1661	-0.2838	-0.0485	0.006538	-0.031	-0.0905	0.0285	0.3143	0.8429	All GIFTs	163
primary	0	all_metabolic	day_21_minus_day_7	-0.2304	-0.3995	-0.0612	0.008672	-0.1681	-0.276	-0.0602	0.002703	-0.0623	-0.1251	6e-04	0.05511	0.7298	All metabolic GIFTs	143
primary	0	all_metabolic	day_35_minus_day_7	-0.1931	-0.3583	-0.0278	0.02393	-0.1504	-0.2558	-0.045	0.006008	-0.0427	-0.1041	0.0187	0.1779	0.7789	All metabolic GIFTs	143
primary	0	amino_acid_autonomy	day_21_minus_day_7	-0.0858	-0.147	-0.0245	0.006992	-0.0527	-0.0856	-0.0198	0.002057	-0.0331	-0.0619	-0.0042	0.02678	0.6143	Amino-acid autonomy	22
primary	0	amino_acid_autonomy	day_35_minus_day_7	-0.0837	-0.1435	-0.0238	0.007059	-0.0477	-0.0798	-0.0155	0.004303	-0.036	-0.0642	-0.0078	0.01375	0.5696	Amino-acid autonomy	22
primary	0	aromatic_catabolism	day_21_minus_day_7	-5e-04	-0.001	1e-04	0.1366	-0.0012	-0.0024	0	0.05787	7e-04	1e-04	0.0014	0.03699	2.5734	Aromatic catabolism	12
primary	0	aromatic_catabolism	day_35_minus_day_7	-6e-04	-0.0012	0	0.05297	-0.0012	-0.0023	0	0.0522	6e-04	-1e-04	0.0012	0.07653	2.0249	Aromatic catabolism	12
primary	0	biomass_essential_anabolism	day_21_minus_day_7	-0.1265	-0.2192	-0.0337	0.008611	-0.0864	-0.1398	-0.0331	0.001835	-0.04	-0.0804	4e-04	0.05511	0.6835	Biomass-essential anabolic GIFTs	44
primary	0	biomass_essential_anabolism	day_35_minus_day_7	-0.0989	-0.1895	-0.0083	0.03482	-0.0779	-0.1301	-0.0258	0.004012	-0.021	-0.0604	0.0185	0.305	0.788	Biomass-essential anabolic GIFTs	44
primary	0	carbohydrate_degradation	day_21_minus_day_7	-0.0189	-0.0337	-0.0041	0.01388	-0.0108	-0.0188	-0.0028	0.00957	-0.0081	-0.0153	-9e-04	0.02996	0.5702	Carbohydrate degradation	18
primary	0	carbohydrate_degradation	day_35_minus_day_7	-0.0101	-0.0245	0.0044	0.1779	-0.0091	-0.0169	-0.0013	0.02471	-0.001	-0.008	0.0061	0.7915	0.9032	Carbohydrate degradation	18
primary	0	carbon_acquisition	day_21_minus_day_7	-0.0276	-0.049	-0.0062	0.01281	-0.018	-0.0311	-0.0049	0.008014	-0.0096	-0.0182	-9e-04	0.03219	0.6532	Carbon acquisition	36
primary	0	carbon_acquisition	day_35_minus_day_7	-0.017	-0.0379	0.0039	0.1158	-0.0154	-0.0282	-0.0026	0.02008	-0.0015	-0.01	0.0069	0.7254	0.9087	Carbon acquisition	36
primary	0	chemical_detoxification	day_21_minus_day_7	-0.0073	-0.0153	8e-04	0.08008	-0.0073	-0.0129	-0.0017	0.0114	1e-04	-0.0029	0.003	0.9687	1.0079	Chemical detoxification	5
primary	0	chemical_detoxification	day_35_minus_day_7	-0.0023	-0.0102	0.0055	0.5684	-0.0067	-0.0122	-0.0013	0.01747	0.0044	0.0015	0.0073	0.00343	2.8849	Chemical detoxification	5
primary	0	cofactor_autonomy	day_21_minus_day_7	-0.0139	-0.0289	0.0012	0.07468	-0.0209	-0.0343	-0.0076	0.002574	0.0071	0.0011	0.013	0.02178	1.5115	Cofactor autonomy	15
primary	0	cofactor_autonomy	day_35_minus_day_7	0.0071	-0.0076	0.0219	0.3482	-0.0189	-0.032	-0.0058	0.005331	0.026	0.0202	0.0318	1.05e-16	-2.6434	Cofactor autonomy	15
primary	0	extracellular_public_goods	day_21_minus_day_7	-0.0061	-0.0098	-0.0024	0.001491	-0.0036	-0.0062	-0.001	0.006992	-0.0024	-0.0037	-0.0011	0.000301	0.5986	Extracellular processing outputs	3
primary	0	extracellular_public_goods	day_35_minus_day_7	-0.0037	-0.0073	-1e-04	0.04714	-0.0032	-0.0058	-7e-04	0.01388	-5e-04	-0.0017	8e-04	0.4828	0.8766	Extracellular processing outputs	3
primary	0	fermentation_products	day_21_minus_day_7	-0.015	-0.0225	-0.0075	0.0001297	-0.0044	-0.0062	-0.0027	1.022e-06	-0.0105	-0.0168	-0.0042	0.001309	0.2967	Fermentation products	11
primary	0	fermentation_products	day_35_minus_day_7	-0.0263	-0.0337	-0.019	1.305e-11	-0.0036	-0.0053	-0.0019	4.143e-05	-0.0227	-0.0289	-0.0165	3.68e-12	0.138	Fermentation products	11
primary	0	host_glycan_foraging	day_21_minus_day_7	-0.0063	-0.0113	-0.0012	0.01704	-0.0039	-0.0067	-0.0012	0.005995	-0.0024	-0.005	3e-04	0.08082	0.6239	Host glycan foraging	7
primary	0	host_glycan_foraging	day_35_minus_day_7	-0.0029	-0.0079	0.002	0.2532	-0.0033	-0.0059	-6e-04	0.01908	3e-04	-0.0022	0.0029	0.8106	1.1104	Host glycan foraging	7
primary	0	nitrogen_acquisition	day_21_minus_day_7	-0.016	-0.0291	-0.0028	0.01886	-0.015	-0.0249	-0.0051	0.003606	-0.001	-0.0046	0.0026	0.5992	0.9386	Nitrogen acquisition	20
primary	0	nitrogen_acquisition	day_35_minus_day_7	-0.0166	-0.0295	-0.0038	0.01269	-0.0132	-0.0229	-0.0034	0.008995	-0.0034	-0.007	1e-04	0.05726	0.7921	Nitrogen acquisition	20
primary	0	nucleotide_autonomy	day_21_minus_day_7	-0.022	-0.0355	-0.0084	0.001866	-0.0078	-0.012	-0.0037	0.0002815	-0.0141	-0.0236	-0.0046	0.004192	0.3568	Nucleotide autonomy	4
primary	0	nucleotide_autonomy	day_35_minus_day_7	-0.0172	-0.0305	-0.004	0.01224	-0.007	-0.0111	-0.003	0.0008352	-0.0102	-0.0195	-9e-04	0.03358	0.4086	Nucleotide autonomy	4
primary	0	nutrient_uptake	day_21_minus_day_7	-3e-04	-6e-04	0	0.06761	-5e-04	-0.001	0	0.04815	2e-04	0	4e-04	0.0642	1.7421	Nutrient uptake	3
primary	0	nutrient_uptake	day_35_minus_day_7	-5e-04	-8e-04	-2e-04	0.002667	-4e-04	-9e-04	1e-04	0.0848	0	-3e-04	2e-04	0.7254	0.916	Nutrient uptake	3
primary	0	plant_fibre_utilisation	day_21_minus_day_7	-0.0116	-0.0214	-0.0018	0.02223	-0.0075	-0.0132	-0.0018	0.01143	-0.0041	-0.0086	3e-04	0.07371	0.6455	Plant fibre utilisation	13
primary	0	plant_fibre_utilisation	day_35_minus_day_7	-0.0048	-0.0143	0.0048	0.3367	-0.0065	-0.0121	-9e-04	0.02463	0.0017	-0.0026	0.0061	0.4441	1.3605	Plant fibre utilisation	13
primary	0	released_bioactive_products	day_21_minus_day_7	-3e-04	-0.0019	0.0013	0.6888	-0.002	-0.0035	-5e-04	0.0101	0.0017	5e-04	0.0028	0.006752	5.9791	Released bioactive products	5
primary	0	released_bioactive_products	day_35_minus_day_7	0.0019	4e-04	0.0035	0.01747	-0.0019	-0.0033	-4e-04	0.01324	0.0038	0.0026	0.0049	4.979e-10	-0.9761	Released bioactive products	5
primary	0	shikimate_derived_biosynthesis	day_21_minus_day_7	-0.018	-0.0317	-0.0043	0.0111	-0.0119	-0.0201	-0.0038	0.00485	-0.0061	-0.0119	-2e-04	0.04608	0.6634	Shikimate-derived biosynthesis	10
primary	0	shikimate_derived_biosynthesis	day_35_minus_day_7	-0.0209	-0.0342	-0.0075	0.002649	-0.0109	-0.0189	-0.003	0.008237	-0.0099	-0.0156	-0.0042	0.0009025	0.5247	Shikimate-derived biosynthesis	10
primary	0	short_chain_fatty_acids	day_21_minus_day_7	-0.0063	-0.0097	-0.0028	0.0004485	-0.0014	-0.0022	-6e-04	0.0008639	-0.0049	-0.0076	-0.0021	0.0006185	0.2208	Short-chain fatty acids	4
primary	0	short_chain_fatty_acids	day_35_minus_day_7	-0.0108	-0.0142	-0.0074	1.115e-09	-0.0013	-0.002	-5e-04	0.002033	-0.0095	-0.0122	-0.0068	2.059e-11	0.1164	Short-chain fatty acids	4
primary	0	sulfur_acquisition	day_21_minus_day_7	-4e-04	-7e-04	-1e-04	0.002684	-0.0013	-0.0025	0	0.0522	9e-04	-2e-04	0.0019	0.1163	3.1548	Sulfur acquisition	4
primary	0	sulfur_acquisition	day_35_minus_day_7	-4e-04	-7e-04	-2e-04	0.001106	-0.0011	-0.0023	1e-04	0.08	7e-04	-4e-04	0.0017	0.2027	2.6105	Sulfur acquisition	4
primary	0	vitamin_biosynthesis	day_21_minus_day_7	-0.0349	-0.0667	-0.0032	0.03336	-0.0336	-0.0544	-0.0127	0.001926	-0.0013	-0.0137	0.0111	0.8358	0.9605	Vitamin biosynthesis	20
primary	0	vitamin_biosynthesis	day_35_minus_day_7	-0.0134	-0.0445	0.0176	0.4029	-0.03	-0.0503	-0.0097	0.004504	0.0166	0.0045	0.0287	0.008237	2.2314	Vitamin biosynthesis	20
primary	0	all_gifts	day_21_minus_day_7	-2.4746	-2.8154	-2.1338	2.499e-36	-1.7617	-1.9933	-1.5301	6.098e-39	-0.7129	-0.8345	-0.5913	5.146e-26	0.7119	All GIFTs	163
primary	0	all_gifts	day_35_minus_day_7	-2.7593	-3.0924	-2.4263	3.533e-44	-2.0641	-2.2905	-1.8377	1.212e-50	-0.6952	-0.8141	-0.5764	6.385e-26	0.7481	All GIFTs	163
primary	0	all_metabolic	day_21_minus_day_7	-2.3667	-2.6907	-2.0427	1.193e-36	-1.5888	-1.7973	-1.3803	4.721e-39	-0.7779	-0.9039	-0.6519	2.978e-28	0.6713	All metabolic GIFTs	143
primary	0	all_metabolic	day_35_minus_day_7	-2.6431	-2.9598	-2.3264	1.184e-44	-1.8631	-2.0669	-1.6593	7.731e-51	-0.78	-0.9031	-0.6569	2.058e-29	0.7049	All metabolic GIFTs	143
primary	0	amino_acid_autonomy	day_21_minus_day_7	-0.8917	-1.0129	-0.7704	4.95e-37	-0.4954	-0.5599	-0.4309	1.682e-39	-0.3963	-0.456	-0.3366	1.201e-31	0.5556	Amino-acid autonomy	22
primary	0	amino_acid_autonomy	day_35_minus_day_7	-1.0093	-1.1278	-0.8908	5.519e-46	-0.5827	-0.6458	-0.5196	1.318e-51	-0.4266	-0.485	-0.3683	1.064e-36	0.5773	Amino-acid autonomy	22
primary	0	aromatic_catabolism	day_21_minus_day_7	-0.0041	-0.0052	-0.003	9.31e-13	-0.0129	-0.0149	-0.011	3.965e-32	0.0088	0.0072	0.0104	2.317e-24	3.1294	Aromatic catabolism	12
primary	0	aromatic_catabolism	day_35_minus_day_7	-0.0059	-0.0069	-0.0048	1.411e-23	-0.0147	-0.0166	-0.0128	2.482e-40	0.0088	0.0073	0.0104	2.213e-25	2.5016	Aromatic catabolism	12
primary	0	biomass_essential_anabolism	day_21_minus_day_7	-1.3213	-1.5033	-1.1392	2.653e-36	-0.806	-0.9108	-0.7011	1.465e-39	-0.5153	-0.5982	-0.4325	1.417e-28	0.61	Biomass-essential anabolic GIFTs	44
primary	0	biomass_essential_anabolism	day_35_minus_day_7	-1.4526	-1.6305	-1.2746	3.058e-43	-0.9489	-1.0514	-0.8464	9.396e-52	-0.5036	-0.5846	-0.4226	1.434e-28	0.6533	Biomass-essential anabolic GIFTs	44
primary	0	carbohydrate_degradation	day_21_minus_day_7	-0.1942	-0.2223	-0.1661	1.269e-33	-0.1021	-0.1162	-0.088	4.068e-36	-0.0921	-0.1072	-0.077	1.346e-27	0.5257	Carbohydrate degradation	18
primary	0	carbohydrate_degradation	day_35_minus_day_7	-0.1984	-0.2259	-0.1709	5.669e-36	-0.1182	-0.132	-0.1044	2.227e-46	-0.0802	-0.095	-0.0654	6.283e-23	0.5958	Carbohydrate degradation	18
primary	0	carbon_acquisition	day_21_minus_day_7	-0.294	-0.3348	-0.2532	6.376e-36	-0.172	-0.1955	-0.1485	9.86e-37	-0.122	-0.1404	-0.1035	2.311e-31	0.5851	Carbon acquisition	36
primary	0	carbon_acquisition	day_35_minus_day_7	-0.317	-0.3569	-0.2771	1.344e-41	-0.1995	-0.2225	-0.1765	3.131e-47	-0.1175	-0.1356	-0.0994	1.154e-30	0.6293	Carbon acquisition	36
primary	0	chemical_detoxification	day_21_minus_day_7	-0.0781	-0.0919	-0.0643	1.703e-24	-0.0742	-0.0843	-0.0641	4.598e-37	-0.0039	-0.0097	0.0019	0.1907	0.9502	Chemical detoxification	5
primary	0	chemical_detoxification	day_35_minus_day_7	-0.0773	-0.0908	-0.0638	5.407e-25	-0.0861	-0.0959	-0.0762	1.129e-47	0.0088	0.0032	0.0144	0.002626	1.1139	Chemical detoxification	5
primary	0	cofactor_autonomy	day_21_minus_day_7	-0.1638	-0.1909	-0.1368	1.879e-27	-0.1988	-0.2248	-0.1728	3.026e-39	0.035	0.0228	0.0471	4.091e-08	1.2134	Cofactor autonomy	15
primary	0	cofactor_autonomy	day_35_minus_day_7	-0.1464	-0.1728	-0.12	8.926e-24	-0.2333	-0.2587	-0.2079	3.924e-51	0.0869	0.075	0.0988	1.016e-36	1.594	Cofactor autonomy	15
primary	0	extracellular_public_goods	day_21_minus_day_7	-0.0439	-0.0504	-0.0374	2.832e-32	-0.035	-0.0397	-0.0303	1.947e-37	-0.0089	-0.0115	-0.0062	2.907e-10	0.7973	Extracellular processing outputs	3
primary	0	extracellular_public_goods	day_35_minus_day_7	-0.0488	-0.0552	-0.0424	2.924e-39	-0.0408	-0.0454	-0.0362	1.995e-48	-0.008	-0.0106	-0.0054	4.046e-09	0.8359	Extracellular processing outputs	3
primary	0	fermentation_products	day_21_minus_day_7	-0.103	-0.1165	-0.0895	3.714e-39	-0.035	-0.0394	-0.0306	2.129e-41	-0.068	-0.0781	-0.0578	4.97e-32	0.3399	Fermentation products	11
primary	0	fermentation_products	day_35_minus_day_7	-0.1567	-0.1699	-0.1436	7.24e-72	-0.042	-0.0464	-0.0377	1.805e-55	-0.1147	-0.1246	-0.1048	2.848e-69	0.2683	Fermentation products	11
primary	0	host_glycan_foraging	day_21_minus_day_7	-0.0768	-0.0881	-0.0656	3.904e-33	-0.037	-0.042	-0.0319	4.598e-37	-0.0399	-0.0467	-0.0331	4.332e-26	0.4811	Host glycan foraging	7
primary	0	host_glycan_foraging	day_35_minus_day_7	-0.0737	-0.0847	-0.0627	3.467e-32	-0.0428	-0.0477	-0.0379	1.584e-47	-0.0309	-0.0375	-0.0243	6.675e-18	0.5806	Host glycan foraging	7
primary	0	nitrogen_acquisition	day_21_minus_day_7	-0.1861	-0.2109	-0.1612	5.304e-38	-0.1439	-0.163	-0.1249	1.462e-38	-0.0421	-0.0497	-0.0345	6.809e-24	0.7736	Nitrogen acquisition	20
primary	0	nitrogen_acquisition	day_35_minus_day_7	-0.22	-0.2443	-0.1957	3.967e-50	-0.1678	-0.1864	-0.1492	7.865e-50	-0.0522	-0.0596	-0.0448	1.093e-34	0.7629	Nitrogen acquisition	20
primary	0	nucleotide_autonomy	day_21_minus_day_7	-0.2037	-0.2309	-0.1764	5.729e-38	-0.0666	-0.0751	-0.0581	8.964e-41	-0.1371	-0.1561	-0.118	7.554e-36	0.327	Nucleotide autonomy	4
primary	0	nucleotide_autonomy	day_35_minus_day_7	-0.2302	-0.2568	-0.2036	5.391e-47	-0.0798	-0.0881	-0.0715	1.545e-54	-0.1504	-0.169	-0.1318	1.33e-42	0.3467	Nucleotide autonomy	4
primary	0	nutrient_uptake	day_21_minus_day_7	-0.0028	-0.0033	-0.0023	3.317e-21	-0.0053	-0.0061	-0.0045	1.874e-31	0.0025	0.002	0.0031	2.45e-17	1.9024	Nutrient uptake	3
primary	0	nutrient_uptake	day_35_minus_day_7	-0.004	-0.0045	-0.0035	2.023e-38	-0.006	-0.0068	-0.0053	1.997e-39	0.0021	0.0015	0.0026	9.622e-13	1.5123	Nutrient uptake	3
primary	0	plant_fibre_utilisation	day_21_minus_day_7	-0.1172	-0.1347	-0.0997	4.841e-32	-0.0725	-0.0825	-0.0624	4.272e-36	-0.0447	-0.0532	-0.0363	3.928e-22	0.6183	Plant fibre utilisation	13
primary	0	plant_fibre_utilisation	day_35_minus_day_7	-0.1198	-0.1369	-0.1027	2.44e-34	-0.0839	-0.0937	-0.0741	2.355e-46	-0.0359	-0.0442	-0.0277	4.786e-16	0.7003	Plant fibre utilisation	13
primary	0	released_bioactive_products	day_21_minus_day_7	-0.0032	-0.0063	-1e-04	0.04561	-0.0206	-0.0234	-0.0178	9.19e-38	0.0174	0.0142	0.0205	7.286e-24	6.3842	Released bioactive products	5
primary	0	released_bioactive_products	day_35_minus_day_7	0.0048	0.0017	0.0078	0.002594	-0.0239	-0.0266	-0.0212	1.165e-48	0.0287	0.0257	0.0318	7.797e-53	-5.0143	Released bioactive products	5
primary	0	shikimate_derived_biosynthesis	day_21_minus_day_7	-0.1793	-0.2043	-0.1543	1.014e-35	-0.1171	-0.1326	-0.1016	1.363e-38	-0.0622	-0.0728	-0.0516	5.813e-26	0.6531	Shikimate-derived biosynthesis	10
primary	0	shikimate_derived_biosynthesis	day_35_minus_day_7	-0.2215	-0.2459	-0.1971	2.495e-50	-0.1369	-0.152	-0.1217	4.647e-50	-0.0846	-0.095	-0.0742	3.86e-43	0.6179	Shikimate-derived biosynthesis	10
primary	0	short_chain_fatty_acids	day_21_minus_day_7	-0.0415	-0.0469	-0.036	4.412e-39	-0.0127	-0.0143	-0.0111	2.482e-40	-0.0288	-0.0329	-0.0247	4.478e-34	0.3057	Short-chain fatty acids	4
primary	0	short_chain_fatty_acids	day_35_minus_day_7	-0.0616	-0.0669	-0.0563	1.439e-69	-0.015	-0.0166	-0.0134	4.164e-53	-0.0466	-0.0507	-0.0426	3.973e-69	0.2437	Short-chain fatty acids	4
primary	0	sulfur_acquisition	day_21_minus_day_7	-0.0029	-0.0036	-0.0022	4.802e-15	-0.0136	-0.0156	-0.0116	5.624e-32	0.0107	0.009	0.0125	3.466e-28	4.7297	Sulfur acquisition	4
primary	0	sulfur_acquisition	day_35_minus_day_7	-0.0042	-0.0048	-0.0035	1.862e-28	-0.0154	-0.0174	-0.0134	6.105e-40	0.0112	0.0095	0.0129	1.875e-31	3.7005	Sulfur acquisition	4
primary	0	vitamin_biosynthesis	day_21_minus_day_7	-0.3897	-0.448	-0.3315	5.295e-32	-0.3158	-0.3569	-0.2747	1.665e-39	-0.074	-0.0972	-0.0507	1.476e-09	0.8102	Vitamin biosynthesis	20
primary	0	vitamin_biosynthesis	day_35_minus_day_7	-0.3981	-0.4551	-0.3412	2.943e-34	-0.3708	-0.411	-0.3306	1.73e-51	-0.0274	-0.0501	-0.0046	0.02009	0.9313	Vitamin biosynthesis	20
primary	1e-04	all_gifts	day_21_minus_day_7	-5.1574	-5.6944	-4.6203	1.983e-54	-3.3038	-3.6424	-2.9652	1.331e-55	-1.8545	-2.0817	-1.6272	3.291e-43	0.6406	All GIFTs	163
primary	1e-04	all_gifts	day_35_minus_day_7	-6.5117	-7.0366	-5.9869	8.406e-76	-4.3302	-4.6611	-3.9993	8.046e-81	-2.182	-2.4041	-1.9598	4.186e-56	0.665	All GIFTs	163
primary	1e-04	all_metabolic	day_21_minus_day_7	-4.9353	-5.4476	-4.4231	1.153e-54	-2.9484	-3.2515	-2.6453	2.226e-55	-1.9879	-2.2215	-1.7542	6.417e-46	0.5974	All metabolic GIFTs	143
primary	1e-04	all_metabolic	day_35_minus_day_7	-6.2307	-6.7313	-5.7301	4.307e-76	-3.869	-4.1652	-3.5729	1.164e-80	-2.3621	-2.5904	-2.1337	4.432e-60	0.621	All metabolic GIFTs	143
primary	1e-04	amino_acid_autonomy	day_21_minus_day_7	-1.8482	-2.0418	-1.6545	5.711e-54	-0.9024	-0.9954	-0.8095	3.129e-55	-0.9462	-1.0543	-0.8381	8.136e-48	0.4883	Amino-acid autonomy	22
primary	1e-04	amino_acid_autonomy	day_35_minus_day_7	-2.334	-2.5232	-2.1447	3.017e-75	-1.1857	-1.2765	-1.0949	1.366e-80	-1.1485	-1.2541	-1.0428	4.129e-64	0.508	Amino-acid autonomy	22
primary	1e-04	aromatic_catabolism	day_21_minus_day_7	-0.0073	-0.0092	-0.0054	1.037e-12	-0.0347	-0.0381	-0.0314	9.12e-60	0.0274	0.0246	0.0303	2.323e-54	4.7653	Aromatic catabolism	12
primary	1e-04	aromatic_catabolism	day_35_minus_day_7	-0.0094	-0.0113	-0.0075	5.464e-20	-0.0444	-0.0477	-0.0411	1.561e-83	0.035	0.0322	0.0378	1.252e-76	4.7332	Aromatic catabolism	12
primary	1e-04	biomass_essential_anabolism	day_21_minus_day_7	-2.7259	-3.0129	-2.4389	1.323e-53	-1.4573	-1.6077	-1.3069	4.53e-55	-1.2692	-1.4188	-1.1195	1.045e-45	0.5346	Biomass-essential anabolic GIFTs	44
primary	1e-04	biomass_essential_anabolism	day_35_minus_day_7	-3.3956	-3.6761	-3.1151	1.535e-73	-1.9168	-2.0638	-1.7699	1.706e-80	-1.4791	-1.6253	-1.3328	2.549e-58	0.5645	Biomass-essential anabolic GIFTs	44
primary	1e-04	carbohydrate_degradation	day_21_minus_day_7	-0.3924	-0.435	-0.3498	2.015e-51	-0.2111	-0.2326	-0.1895	6.125e-56	-0.1813	-0.2054	-0.1572	2.52e-38	0.5379	Carbohydrate degradation	18
primary	1e-04	carbohydrate_degradation	day_35_minus_day_7	-0.4735	-0.5151	-0.4319	5.323e-68	-0.2757	-0.2968	-0.2547	6.267e-81	-0.1977	-0.2213	-0.1742	4.903e-45	0.5824	Carbohydrate degradation	18
primary	1e-04	carbon_acquisition	day_21_minus_day_7	-0.6143	-0.6776	-0.5509	3.642e-55	-0.349	-0.3846	-0.3134	6.137e-56	-0.2653	-0.2962	-0.2344	1.956e-46	0.5681	Carbon acquisition	36
primary	1e-04	carbon_acquisition	day_35_minus_day_7	-0.7636	-0.8255	-0.7017	2.88e-75	-0.456	-0.4908	-0.4212	6.202e-81	-0.3076	-0.3378	-0.2773	8.882e-59	0.5971	Carbon acquisition	36
primary	1e-04	chemical_detoxification	day_21_minus_day_7	-0.187	-0.2096	-0.1645	2.714e-44	-0.1555	-0.1711	-0.1399	3.41e-57	-0.0315	-0.0413	-0.0216	1.283e-09	0.8314	Chemical detoxification	5
primary	1e-04	chemical_detoxification	day_35_minus_day_7	-0.2361	-0.2581	-0.214	5.849e-63	-0.2019	-0.2172	-0.1867	6.71e-82	-0.0342	-0.0438	-0.0245	2.068e-11	0.8554	Chemical detoxification	5
primary	1e-04	cofactor_autonomy	day_21_minus_day_7	-0.3898	-0.4318	-0.3479	4.837e-52	-0.3673	-0.405	-0.3296	2.065e-55	-0.0226	-0.0392	-0.006	0.008595	0.9422	Cofactor autonomy	15
primary	1e-04	cofactor_autonomy	day_35_minus_day_7	-0.4626	-0.5036	-0.4217	2.541e-67	-0.4819	-0.5188	-0.445	1.114e-80	0.0192	0.003	0.0354	0.02191	1.0416	Cofactor autonomy	15
primary	1e-04	extracellular_public_goods	day_21_minus_day_7	-0.0835	-0.0932	-0.0737	2.014e-46	-0.0703	-0.0775	-0.0632	2.482e-56	-0.0131	-0.0182	-0.008	8.075e-07	0.8427	Extracellular processing outputs	3
primary	1e-04	extracellular_public_goods	day_35_minus_day_7	-0.1033	-0.1128	-0.0938	5.069e-64	-0.0919	-0.0989	-0.0849	2.125e-81	-0.0114	-0.0164	-0.0064	1.085e-05	0.8897	Extracellular processing outputs	3
primary	1e-04	fermentation_products	day_21_minus_day_7	-0.1654	-0.184	-0.1467	1.055e-48	-0.0399	-0.0451	-0.0346	2.067e-38	-0.1255	-0.1405	-0.1106	4.831e-45	0.241	Fermentation products	11
primary	1e-04	fermentation_products	day_35_minus_day_7	-0.2631	-0.2813	-0.2449	3.533e-90	-0.0553	-0.0604	-0.0501	8.391e-63	-0.2078	-0.2224	-0.1932	7.63e-89	0.21	Fermentation products	11
primary	1e-04	host_glycan_foraging	day_21_minus_day_7	-0.1633	-0.1813	-0.1452	3.487e-50	-0.0724	-0.0798	-0.0649	4.549e-55	-0.0909	-0.1024	-0.0793	5.062e-41	0.4433	Host glycan foraging	7
primary	1e-04	host_glycan_foraging	day_35_minus_day_7	-0.1896	-0.2072	-0.172	2.701e-63	-0.0948	-0.1021	-0.0875	4.234e-80	-0.0948	-0.1061	-0.0835	3.919e-45	0.4999	Host glycan foraging	7
primary	1e-04	nitrogen_acquisition	day_21_minus_day_7	-0.4057	-0.4466	-0.3647	8.946e-57	-0.2713	-0.2993	-0.2434	2.532e-55	-0.1344	-0.1509	-0.1179	4.002e-43	0.6689	Nitrogen acquisition	20
primary	1e-04	nitrogen_acquisition	day_35_minus_day_7	-0.5231	-0.5631	-0.4831	1.019e-80	-0.3553	-0.3826	-0.328	2.178e-80	-0.1677	-0.1839	-0.1516	1.447e-60	0.6793	Nitrogen acquisition	20
primary	1e-04	nucleotide_autonomy	day_21_minus_day_7	-0.3649	-0.4048	-0.325	6.498e-51	-0.1078	-0.1193	-0.0963	8.049e-53	-0.2571	-0.2863	-0.2279	3.673e-48	0.2954	Nucleotide autonomy	4
primary	1e-04	nucleotide_autonomy	day_35_minus_day_7	-0.4488	-0.4878	-0.4099	4.216e-69	-0.144	-0.1552	-0.1328	4.487e-79	-0.3048	-0.3334	-0.2763	1.219e-62	0.3208	Nucleotide autonomy	4
primary	1e-04	nutrient_uptake	day_21_minus_day_7	-0.006	-0.007	-0.005	4.583e-26	-0.0135	-0.0148	-0.0121	3.144e-57	0.0075	0.0065	0.0085	1.057e-39	2.2542	Nutrient uptake	3
primary	1e-04	nutrient_uptake	day_35_minus_day_7	-0.0084	-0.0094	-0.0074	1.048e-45	-0.0174	-0.0187	-0.016	3.225e-81	0.0089	0.008	0.0099	1.055e-52	2.0571	Nutrient uptake	3
primary	1e-04	plant_fibre_utilisation	day_21_minus_day_7	-0.2355	-0.262	-0.209	6.309e-49	-0.1523	-0.1677	-0.1368	2.16e-56	-0.0833	-0.0975	-0.069	5.607e-26	0.6466	Plant fibre utilisation	13
primary	1e-04	plant_fibre_utilisation	day_35_minus_day_7	-0.2873	-0.3132	-0.2614	6.785e-66	-0.1985	-0.2136	-0.1834	2.805e-81	-0.0888	-0.1027	-0.0749	7.906e-30	0.691	Plant fibre utilisation	13
primary	1e-04	released_bioactive_products	day_21_minus_day_7	-0.0068	-0.0106	-0.003	0.0006289	-0.0424	-0.0466	-0.0381	3.064e-57	0.0357	0.0313	0.0401	2.473e-42	6.272	Released bioactive products	5
primary	1e-04	released_bioactive_products	day_35_minus_day_7	0.0046	9e-04	0.0083	0.01729	-0.055	-0.0592	-0.0508	6.725e-82	0.0596	0.0553	0.064	1.505e-85	-12.0063	Released bioactive products	5
primary	1e-04	shikimate_derived_biosynthesis	day_21_minus_day_7	-0.4022	-0.4429	-0.3614	2.011e-56	-0.2273	-0.2504	-0.2042	2.464e-56	-0.1749	-0.1947	-0.1551	2.463e-48	0.5652	Shikimate-derived biosynthesis	10
primary	1e-04	shikimate_derived_biosynthesis	day_35_minus_day_7	-0.5267	-0.5666	-0.4869	9.492e-82	-0.2968	-0.3193	-0.2742	2.395e-81	-0.23	-0.2494	-0.2106	1.03e-71	0.5634	Shikimate-derived biosynthesis	10
primary	1e-04	short_chain_fatty_acids	day_21_minus_day_7	-0.072	-0.0796	-0.0644	2.309e-53	-0.0217	-0.024	-0.0194	6.395e-54	-0.0503	-0.0562	-0.0445	1.123e-46	0.3011	Short-chain fatty acids	4
primary	1e-04	short_chain_fatty_acids	day_35_minus_day_7	-0.1061	-0.1136	-0.0987	3.486e-89	-0.0287	-0.0309	-0.0265	1.641e-79	-0.0774	-0.0832	-0.0717	4.083e-84	0.2702	Short-chain fatty acids	4
primary	1e-04	sulfur_acquisition	day_21_minus_day_7	-0.0045	-0.0055	-0.0035	2.417e-16	-0.0345	-0.0379	-0.0311	7.799e-58	0.03	0.027	0.033	4.531e-57	7.6329	Sulfur acquisition	4
primary	1e-04	sulfur_acquisition	day_35_minus_day_7	-0.0057	-0.0067	-0.0047	6.122e-25	-0.0443	-0.0476	-0.0409	1.245e-81	0.0386	0.0356	0.0415	6.712e-81	7.7408	Sulfur acquisition	4
primary	1e-04	vitamin_biosynthesis	day_21_minus_day_7	-0.9466	-1.0439	-0.8492	2.266e-55	-0.5696	-0.6285	-0.5106	7.661e-55	-0.3771	-0.4225	-0.3317	2.252e-44	0.6017	Vitamin biosynthesis	20
primary	1e-04	vitamin_biosynthesis	day_35_minus_day_7	-1.1895	-1.2846	-1.0944	1.53e-76	-0.7487	-0.8063	-0.6911	3.806e-80	-0.4408	-0.4852	-0.3964	5.372e-57	0.6294	Vitamin biosynthesis	20
primary	0.001	all_gifts	day_21_minus_day_7	-7.1312	-7.8481	-6.4144	4.531e-57	-4.4636	-4.9018	-4.0253	7.108e-59	-2.6677	-3.0016	-2.3338	6.843e-42	0.6259	All GIFTs	163
primary	0.001	all_gifts	day_35_minus_day_7	-9.3175	-10.0182	-8.6169	2.713e-82	-6.1849	-6.6133	-5.7566	3.451e-90	-3.1326	-3.459	-2.8062	2.169e-54	0.6638	All GIFTs	163
primary	0.001	all_metabolic	day_21_minus_day_7	-6.7864	-7.4684	-6.1044	4.308e-57	-3.9577	-4.3487	-3.5668	2.105e-58	-2.8287	-3.1674	-2.49	1.049e-44	0.5832	All metabolic GIFTs	143
primary	0.001	all_metabolic	day_35_minus_day_7	-8.862	-9.5286	-8.1954	2.779e-82	-5.49	-5.8721	-5.1078	9.919e-90	-3.372	-3.7031	-3.041	6.964e-59	0.6195	All metabolic GIFTs	143
primary	0.001	amino_acid_autonomy	day_21_minus_day_7	-2.4747	-2.7338	-2.2157	4.828e-54	-1.2015	-1.3207	-1.0823	4.645e-58	-1.2732	-1.4274	-1.1189	6.21e-44	0.4855	Amino-acid autonomy	22
primary	0.001	amino_acid_autonomy	day_35_minus_day_7	-3.3185	-3.5717	-3.0653	5.915e-81	-1.6719	-1.7884	-1.5554	1.22e-89	-1.6466	-1.7974	-1.4958	1.752e-64	0.5038	Amino-acid autonomy	22
primary	0.001	aromatic_catabolism	day_21_minus_day_7	-0.01	-0.0135	-0.0064	8.06e-08	-0.0557	-0.0608	-0.0507	1.338e-65	0.0459	0.041	0.0507	1.221e-53	5.594	Aromatic catabolism	12
primary	0.001	aromatic_catabolism	day_35_minus_day_7	-0.0129	-0.0163	-0.0094	2.729e-12	-0.073	-0.0779	-0.0681	1.068e-92	0.0602	0.0554	0.0649	2.065e-78	5.6762	Aromatic catabolism	12
primary	0.001	biomass_essential_anabolism	day_21_minus_day_7	-3.6663	-4.0473	-3.2853	1.418e-54	-1.932	-2.1245	-1.7395	9.601e-58	-1.7337	-1.947	-1.5204	5.695e-43	0.527	Biomass-essential anabolic GIFTs	44
primary	0.001	biomass_essential_anabolism	day_35_minus_day_7	-4.7813	-5.1536	-4.4089	5.065e-79	-2.6901	-2.8782	-2.5019	2.445e-89	-2.0909	-2.2993	-1.8825	1.058e-57	0.5626	Biomass-essential anabolic GIFTs	44
primary	0.001	carbohydrate_degradation	day_21_minus_day_7	-0.5445	-0.6051	-0.4839	1.361e-49	-0.2984	-0.3275	-0.2693	2.41e-59	-0.2461	-0.2854	-0.2068	7.139e-29	0.548	Carbohydrate degradation	18
primary	0.001	carbohydrate_degradation	day_35_minus_day_7	-0.6354	-0.6946	-0.5761	5.556e-63	-0.4064	-0.4348	-0.3779	3.332e-89	-0.229	-0.2674	-0.1906	1.044e-26	0.6396	Carbohydrate degradation	18
primary	0.001	carbon_acquisition	day_21_minus_day_7	-0.8548	-0.942	-0.7675	6.721e-56	-0.489	-0.5366	-0.4413	1.935e-59	-0.3658	-0.4135	-0.3181	2.204e-39	0.572	Carbon acquisition	36
primary	0.001	carbon_acquisition	day_35_minus_day_7	-1.0624	-1.1477	-0.9771	3.769e-76	-0.6681	-0.7147	-0.6216	1.298e-89	-0.3942	-0.4409	-0.3476	1.837e-45	0.6289	Carbon acquisition	36
primary	0.001	chemical_detoxification	day_21_minus_day_7	-0.2997	-0.3342	-0.2653	1.865e-47	-0.2233	-0.2443	-0.2023	2.6e-62	-0.0763	-0.0949	-0.0578	1.37e-14	0.7448	Chemical detoxification	5
primary	0.001	chemical_detoxification	day_35_minus_day_7	-0.388	-0.4217	-0.3544	3.444e-69	-0.3051	-0.3256	-0.2846	7.199e-93	-0.0829	-0.101	-0.0647	2.342e-17	0.7863	Chemical detoxification	5
primary	0.001	cofactor_autonomy	day_21_minus_day_7	-0.5828	-0.6404	-0.5253	1.737e-58	-0.4923	-0.541	-0.4437	1.956e-58	-0.0904	-0.1176	-0.0631	3.01e-10	0.8447	Cofactor autonomy	15
primary	0.001	cofactor_autonomy	day_35_minus_day_7	-0.7095	-0.7657	-0.6533	2.125e-77	-0.6839	-0.7314	-0.6364	7.122e-90	-0.0255	-0.0521	0.0011	0.06319	0.9639	Cofactor autonomy	15
primary	0.001	extracellular_public_goods	day_21_minus_day_7	-0.1346	-0.1504	-0.1189	4.896e-46	-0.0986	-0.1081	-0.0891	1.482e-60	-0.036	-0.0469	-0.0252	2.633e-10	0.7323	Extracellular processing outputs	3
primary	0.001	extracellular_public_goods	day_35_minus_day_7	-0.1486	-0.164	-0.1331	1.425e-54	-0.1352	-0.1444	-0.1259	4.207e-91	-0.0134	-0.024	-0.0028	0.01452	0.9099	Extracellular processing outputs	3
primary	0.001	fermentation_products	day_21_minus_day_7	-0.2798	-0.3105	-0.2491	1.447e-50	-0.0324	-0.039	-0.0258	1.531e-19	-0.2474	-0.2752	-0.2197	4.808e-49	0.1159	Fermentation products	11
primary	0.001	fermentation_products	day_35_minus_day_7	-0.4268	-0.4568	-0.3968	8.194e-89	-0.0507	-0.0572	-0.0443	6.266e-41	-0.3761	-0.4033	-0.349	2.319e-86	0.1188	Fermentation products	11
primary	0.001	host_glycan_foraging	day_21_minus_day_7	-0.2211	-0.2467	-0.1955	5.995e-47	-0.0988	-0.1087	-0.089	1.599e-57	-0.1222	-0.1409	-0.1036	4.38e-31	0.4471	Host glycan foraging	7
primary	0.001	host_glycan_foraging	day_35_minus_day_7	-0.2454	-0.2704	-0.2204	4.8e-56	-0.1356	-0.1453	-0.126	1.045e-87	-0.1098	-0.128	-0.0916	3.393e-27	0.5527	Host glycan foraging	7
primary	0.001	nitrogen_acquisition	day_21_minus_day_7	-0.5229	-0.5771	-0.4686	9.564e-55	-0.3652	-0.4014	-0.329	4.107e-58	-0.1576	-0.1829	-0.1324	1.023e-28	0.6985	Nitrogen acquisition	20
primary	0.001	nitrogen_acquisition	day_35_minus_day_7	-0.702	-0.7549	-0.649	5.979e-82	-0.5055	-0.5409	-0.4701	3.177e-89	-0.1965	-0.2212	-0.1718	1.208e-41	0.7201	Nitrogen acquisition	20
primary	0.001	nucleotide_autonomy	day_21_minus_day_7	-0.4685	-0.5219	-0.4152	4.868e-48	-0.1344	-0.1486	-0.1202	3.9e-53	-0.334	-0.3751	-0.2928	6.704e-43	0.2868	Nucleotide autonomy	4
primary	0.001	nucleotide_autonomy	day_35_minus_day_7	-0.5776	-0.6297	-0.5255	1.013e-65	-0.1899	-0.2038	-0.176	8.386e-85	-0.3876	-0.4278	-0.3474	9.477e-55	0.3288	Nucleotide autonomy	4
primary	0.001	nutrient_uptake	day_21_minus_day_7	-0.0133	-0.0162	-0.0104	1.161e-17	-0.0208	-0.0228	-0.0189	4.499e-61	0.0076	0.005	0.0101	1.368e-08	1.5686	Nutrient uptake	3
primary	0.001	nutrient_uptake	day_35_minus_day_7	-0.0163	-0.0191	-0.0135	1.37e-25	-0.0277	-0.0296	-0.0258	5.519e-89	0.0114	0.0089	0.0139	2.02e-17	1.6983	Nutrient uptake	3
primary	0.001	plant_fibre_utilisation	day_21_minus_day_7	-0.3212	-0.3588	-0.2835	4.688e-46	-0.2176	-0.2386	-0.1967	1.925e-60	-0.1035	-0.1279	-0.0791	2.364e-15	0.6776	Plant fibre utilisation	13
primary	0.001	plant_fibre_utilisation	day_35_minus_day_7	-0.3746	-0.4114	-0.3377	8.695e-59	-0.2962	-0.3167	-0.2758	2.212e-90	-0.0783	-0.1022	-0.0545	4.507e-10	0.7909	Plant fibre utilisation	13
primary	0.001	released_bioactive_products	day_21_minus_day_7	0.003	-0.0043	0.0104	0.4239	-0.0604	-0.066	-0.0547	1.905e-62	0.0634	0.0554	0.0714	2.243e-41	-19.8523	Released bioactive products	5
primary	0.001	released_bioactive_products	day_35_minus_day_7	0.0344	0.0272	0.0416	1.047e-18	-0.0829	-0.0885	-0.0774	1.439e-93	0.1174	0.1095	0.1252	1.005e-93	-2.4095	Released bioactive products	5
primary	0.001	shikimate_derived_biosynthesis	day_21_minus_day_7	-0.5945	-0.6526	-0.5364	3.372e-59	-0.3138	-0.344	-0.2836	1.85e-60	-0.2807	-0.313	-0.2484	2.497e-47	0.5278	Shikimate-derived biosynthesis	10
primary	0.001	shikimate_derived_biosynthesis	day_35_minus_day_7	-0.8244	-0.8812	-0.7675	1.353e-90	-0.4333	-0.4628	-0.4038	1.157e-91	-0.3911	-0.4226	-0.3595	1.198e-75	0.5256	Shikimate-derived biosynthesis	10
primary	0.001	short_chain_fatty_acids	day_21_minus_day_7	-0.1097	-0.1225	-0.0969	2.71e-46	-0.0278	-0.0306	-0.0249	5.976e-55	-0.0819	-0.0928	-0.071	3.631e-38	0.2531	Short-chain fatty acids	4
primary	0.001	short_chain_fatty_acids	day_35_minus_day_7	-0.1792	-0.1917	-0.1667	2.17e-89	-0.0391	-0.0419	-0.0363	7.627e-87	-0.1401	-0.1508	-0.1294	3.757e-81	0.218	Short-chain fatty acids	4
primary	0.001	sulfur_acquisition	day_21_minus_day_7	-0.0076	-0.0101	-0.0051	9.133e-09	-0.0535	-0.0586	-0.0485	1.922e-62	0.0461	0.0416	0.0505	6.729e-60	7.0521	Sulfur acquisition	4
primary	0.001	sulfur_acquisition	day_35_minus_day_7	-0.0098	-0.0123	-0.0074	6.953e-14	-0.0712	-0.0761	-0.0663	1.56e-90	0.0614	0.0571	0.0658	5.428e-88	7.2456	Sulfur acquisition	4
primary	0.001	vitamin_biosynthesis	day_21_minus_day_7	-1.504	-1.6404	-1.3676	2.602e-65	-0.7507	-0.8261	-0.6753	4.148e-57	-0.7533	-0.8271	-0.6795	4.666e-59	0.4991	Vitamin biosynthesis	20
primary	0.001	vitamin_biosynthesis	day_35_minus_day_7	-1.9135	-2.0468	-1.7802	1.121e-89	-1.0463	-1.12	-0.9725	1.069e-88	-0.8671	-0.9392	-0.795	6.47e-73	0.5468	Vitamin biosynthesis	20
quality-adjusted expectation	0.001	all_gifts	day_21_minus_day_7	-7.1312	-7.8481	-6.4144	4.531e-57	-5.2183	-5.7013	-4.7353	1.357e-63	-1.9159	-2.1717	-1.6601	4.677e-38	0.7318	All GIFTs	163
quality-adjusted expectation	0.001	all_gifts	day_35_minus_day_7	-9.3175	-10.0182	-8.6169	2.713e-82	-6.7196	-7.1916	-6.2476	5.847e-89	-2.5993	-2.8493	-2.3493	1.77e-60	0.7212	All GIFTs	163
quality-adjusted expectation	0.001	all_metabolic	day_21_minus_day_7	-6.7864	-7.4684	-6.1044	4.308e-57	-4.6792	-5.1143	-4.2442	3.183e-63	-2.1099	-2.3763	-1.8435	2.351e-41	0.6895	All metabolic GIFTs	143
quality-adjusted expectation	0.001	all_metabolic	day_35_minus_day_7	-8.862	-9.5286	-8.1954	2.779e-82	-6.0234	-6.4486	-5.5983	1.597e-88	-2.8398	-3.1002	-2.5794	2.23e-64	0.6797	All metabolic GIFTs	143
quality-adjusted expectation	0.001	amino_acid_autonomy	day_21_minus_day_7	-2.4747	-2.7338	-2.2157	4.828e-54	-1.7346	-1.8956	-1.5736	2.392e-63	-0.7411	-0.8496	-0.6325	4.555e-33	0.7009	Amino-acid autonomy	22
quality-adjusted expectation	0.001	amino_acid_autonomy	day_35_minus_day_7	-3.3185	-3.5717	-3.0653	5.915e-81	-2.2287	-2.3861	-2.0713	1.689e-88	-1.0902	-1.1963	-0.9842	1.371e-59	0.6716	Amino-acid autonomy	22
quality-adjusted expectation	0.001	aromatic_catabolism	day_21_minus_day_7	-0.01	-0.0135	-0.0064	8.06e-08	-0.0353	-0.0384	-0.0322	5.151e-68	0.0254	0.0218	0.029	1.367e-34	3.5425	Aromatic catabolism	12
quality-adjusted expectation	0.001	aromatic_catabolism	day_35_minus_day_7	-0.0129	-0.0163	-0.0094	2.729e-12	-0.0439	-0.047	-0.0409	1.558e-90	0.0311	0.0275	0.0346	3.058e-48	3.4147	Aromatic catabolism	12
quality-adjusted expectation	0.001	biomass_essential_anabolism	day_21_minus_day_7	-3.6663	-4.0473	-3.2853	1.418e-54	-2.7113	-2.9644	-2.4583	6.549e-63	-0.9561	-1.0986	-0.8135	3.855e-32	0.7395	Biomass-essential anabolic GIFTs	44
quality-adjusted expectation	0.001	biomass_essential_anabolism	day_35_minus_day_7	-4.7813	-5.1536	-4.4089	5.065e-79	-3.4746	-3.7219	-3.2273	1.043e-87	-1.3071	-1.4464	-1.1677	1.108e-52	0.7267	Biomass-essential anabolic GIFTs	44
quality-adjusted expectation	0.001	carbohydrate_degradation	day_21_minus_day_7	-0.5445	-0.6051	-0.4839	1.361e-49	-0.2288	-0.251	-0.2066	7.971e-60	-0.3157	-0.3591	-0.2723	2.041e-36	0.4202	Carbohydrate degradation	18
quality-adjusted expectation	0.001	carbohydrate_degradation	day_35_minus_day_7	-0.6354	-0.6946	-0.5761	5.556e-63	-0.3091	-0.3308	-0.2874	4.969e-89	-0.3263	-0.3687	-0.2839	1.364e-39	0.4864	Carbohydrate degradation	18
quality-adjusted expectation	0.001	carbon_acquisition	day_21_minus_day_7	-0.8548	-0.942	-0.7675	6.721e-56	-0.3889	-0.4259	-0.352	1.512e-61	-0.4659	-0.5204	-0.4114	3.22e-46	0.455	Carbon acquisition	36
quality-adjusted expectation	0.001	carbon_acquisition	day_35_minus_day_7	-1.0624	-1.1477	-0.9771	3.769e-76	-0.5182	-0.5543	-0.4822	1.039e-89	-0.5442	-0.5974	-0.4909	4.294e-59	0.4878	Carbon acquisition	36
quality-adjusted expectation	0.001	chemical_detoxification	day_21_minus_day_7	-0.2997	-0.3342	-0.2653	1.865e-47	-0.2229	-0.2429	-0.2028	4.621e-66	-0.0768	-0.095	-0.0586	3.358e-15	0.7435	Chemical detoxification	5
quality-adjusted expectation	0.001	chemical_detoxification	day_35_minus_day_7	-0.388	-0.4217	-0.3544	3.444e-69	-0.2895	-0.3091	-0.27	1.985e-92	-0.0984	-0.1162	-0.0807	1.021e-23	0.7462	Chemical detoxification	5
quality-adjusted expectation	0.001	cofactor_autonomy	day_21_minus_day_7	-0.5828	-0.6404	-0.5253	1.737e-58	-0.5813	-0.6346	-0.528	2.132e-64	-0.0019	-0.0213	0.0175	0.8526	0.9973	Cofactor autonomy	15
quality-adjusted expectation	0.001	cofactor_autonomy	day_35_minus_day_7	-0.7095	-0.7657	-0.6533	2.125e-77	-0.7395	-0.7915	-0.6874	9.404e-89	0.0298	0.0109	0.0488	0.002472	1.0423	Cofactor autonomy	15
quality-adjusted expectation	0.001	extracellular_public_goods	day_21_minus_day_7	-0.1346	-0.1504	-0.1189	4.896e-46	-0.0858	-0.0943	-0.0773	3.667e-58	-0.0488	-0.0602	-0.0374	1.618e-15	0.6374	Extracellular processing outputs	3
quality-adjusted expectation	0.001	extracellular_public_goods	day_35_minus_day_7	-0.1486	-0.164	-0.1331	1.425e-54	-0.1205	-0.1288	-0.1122	1.523e-90	-0.028	-0.0392	-0.0169	1.495e-06	0.8112	Extracellular processing outputs	3
quality-adjusted expectation	0.001	fermentation_products	day_21_minus_day_7	-0.2798	-0.3105	-0.2491	1.447e-50	-0.0372	-0.0413	-0.0331	2.788e-50	-0.2427	-0.2718	-0.2137	1.049e-44	0.1328	Fermentation products	11
quality-adjusted expectation	0.001	fermentation_products	day_35_minus_day_7	-0.4268	-0.4568	-0.3968	8.194e-89	-0.046	-0.05	-0.042	8.775e-69	-0.3808	-0.4092	-0.3524	4.161e-83	0.1077	Fermentation products	11
quality-adjusted expectation	0.001	host_glycan_foraging	day_21_minus_day_7	-0.2211	-0.2467	-0.1955	5.995e-47	-0.1108	-0.1213	-0.1003	8.243e-62	-0.1103	-0.1279	-0.0928	5.039e-29	0.5011	Host glycan foraging	7
quality-adjusted expectation	0.001	host_glycan_foraging	day_35_minus_day_7	-0.2454	-0.2704	-0.2204	4.8e-56	-0.1444	-0.1547	-0.1342	4.85e-88	-0.101	-0.1182	-0.0838	3.725e-26	0.5885	Host glycan foraging	7
quality-adjusted expectation	0.001	nitrogen_acquisition	day_21_minus_day_7	-0.5229	-0.5771	-0.4686	9.564e-55	-0.3431	-0.375	-0.3111	4.097e-63	-0.1799	-0.2057	-0.1542	3.064e-34	0.6561	Nitrogen acquisition	20
quality-adjusted expectation	0.001	nitrogen_acquisition	day_35_minus_day_7	-0.702	-0.7549	-0.649	5.979e-82	-0.4468	-0.478	-0.4156	1.995e-89	-0.2552	-0.2804	-0.23	1.71e-58	0.6365	Nitrogen acquisition	20
quality-adjusted expectation	0.001	nucleotide_autonomy	day_21_minus_day_7	-0.4685	-0.5219	-0.4152	4.868e-48	-0.2858	-0.3144	-0.2573	1.359e-57	-0.1825	-0.2098	-0.1552	5.624e-32	0.6101	Nucleotide autonomy	4
quality-adjusted expectation	0.001	nucleotide_autonomy	day_35_minus_day_7	-0.5776	-0.6297	-0.5255	1.013e-65	-0.3683	-0.3962	-0.3404	1.113e-81	-0.2092	-0.2358	-0.1825	9.794e-41	0.6377	Nucleotide autonomy	4
quality-adjusted expectation	0.001	nutrient_uptake	day_21_minus_day_7	-0.0133	-0.0162	-0.0104	1.161e-17	-0.0078	-0.0086	-0.0071	9.817e-61	-0.0055	-0.0081	-0.0029	4.6e-05	0.5884	Nutrient uptake	3
quality-adjusted expectation	0.001	nutrient_uptake	day_35_minus_day_7	-0.0163	-0.0191	-0.0135	1.37e-25	-0.0094	-0.0101	-0.0087	7.64e-79	-0.0069	-0.0095	-0.0044	1.575e-07	0.5756	Nutrient uptake	3
quality-adjusted expectation	0.001	plant_fibre_utilisation	day_21_minus_day_7	-0.3212	-0.3588	-0.2835	4.688e-46	-0.1376	-0.151	-0.1242	2.22e-59	-0.1836	-0.2119	-0.1553	1.558e-30	0.4284	Plant fibre utilisation	13
quality-adjusted expectation	0.001	plant_fibre_utilisation	day_35_minus_day_7	-0.3746	-0.4114	-0.3377	8.695e-59	-0.1885	-0.2016	-0.1753	9.919e-90	-0.1861	-0.2138	-0.1584	2.569e-32	0.5032	Plant fibre utilisation	13
quality-adjusted expectation	0.001	released_bioactive_products	day_21_minus_day_7	0.003	-0.0043	0.0104	0.4239	-0.0653	-0.0713	-0.0593	1.647e-64	0.0683	0.0603	0.0764	9.159e-46	-21.4666	Released bioactive products	5
quality-adjusted expectation	0.001	released_bioactive_products	day_35_minus_day_7	0.0344	0.0272	0.0416	1.047e-18	-0.0879	-0.0937	-0.082	5.556e-94	0.1223	0.1144	0.1302	6.021e-97	-2.5531	Released bioactive products	5
quality-adjusted expectation	0.001	shikimate_derived_biosynthesis	day_21_minus_day_7	-0.5945	-0.6526	-0.5364	3.372e-59	-0.3502	-0.3819	-0.3186	1.378e-65	-0.2445	-0.2742	-0.2148	7.287e-44	0.5891	Shikimate-derived biosynthesis	10
quality-adjusted expectation	0.001	shikimate_derived_biosynthesis	day_35_minus_day_7	-0.8244	-0.8812	-0.7675	1.353e-90	-0.4449	-0.4758	-0.4139	7.974e-90	-0.3796	-0.4086	-0.3506	7.245e-81	0.5397	Shikimate-derived biosynthesis	10
quality-adjusted expectation	0.001	short_chain_fatty_acids	day_21_minus_day_7	-0.1097	-0.1225	-0.0969	2.71e-46	-0.0194	-0.0212	-0.0176	8.082e-62	-0.0903	-0.1021	-0.0785	4.147e-39	0.177	Short-chain fatty acids	4
quality-adjusted expectation	0.001	short_chain_fatty_acids	day_35_minus_day_7	-0.1792	-0.1917	-0.1667	2.17e-89	-0.0238	-0.0255	-0.022	6.649e-82	-0.1554	-0.167	-0.1439	2.634e-83	0.1326	Short-chain fatty acids	4
quality-adjusted expectation	0.001	sulfur_acquisition	day_21_minus_day_7	-0.0076	-0.0101	-0.0051	9.133e-09	-0.0148	-0.0162	-0.0135	3.062e-64	0.0072	0.005	0.0095	9.961e-10	1.9527	Sulfur acquisition	4
quality-adjusted expectation	0.001	sulfur_acquisition	day_35_minus_day_7	-0.0098	-0.0123	-0.0074	6.953e-14	-0.0182	-0.0196	-0.0169	3.146e-85	0.0084	0.0062	0.0106	6.029e-13	1.8549	Sulfur acquisition	4
quality-adjusted expectation	0.001	vitamin_biosynthesis	day_21_minus_day_7	-1.504	-1.6404	-1.3676	2.602e-65	-0.8647	-0.9447	-0.7847	1.208e-63	-0.6397	-0.7032	-0.5762	4.358e-58	0.575	Vitamin biosynthesis	20
quality-adjusted expectation	0.001	vitamin_biosynthesis	day_35_minus_day_7	-1.9135	-2.0468	-1.7802	1.121e-89	-1.1079	-1.1861	-1.0297	1.467e-88	-0.8058	-0.8678	-0.7438	3.825e-80	0.579	Vitamin biosynthesis	20
raw MAG length	0.001	all_gifts	day_21_minus_day_7	-7.1312	-7.8481	-6.4144	4.531e-57	-5.6556	-6.1962	-5.115	5.516e-61	-1.477	-1.6927	-1.2613	3.347e-33	0.7931	All GIFTs	163
raw MAG length	0.001	all_gifts	day_35_minus_day_7	-9.3175	-10.0182	-8.6169	2.713e-82	-7.5654	-8.0938	-7.0371	1.88e-89	-1.7528	-1.9636	-1.542	2.107e-44	0.812	All GIFTs	163
raw MAG length	0.001	all_metabolic	day_21_minus_day_7	-6.7864	-7.4684	-6.1044	4.308e-57	-5.074	-5.5623	-4.5856	1.925e-60	-1.7136	-1.9413	-1.4858	2.55e-38	0.7477	All metabolic GIFTs	143
raw MAG length	0.001	all_metabolic	day_35_minus_day_7	-8.862	-9.5286	-8.1954	2.779e-82	-6.7937	-7.271	-6.3164	5.955e-89	-2.0689	-2.2915	-1.8463	5.014e-52	0.7666	All metabolic GIFTs	143
raw MAG length	0.001	amino_acid_autonomy	day_21_minus_day_7	-2.4747	-2.7338	-2.2157	4.828e-54	-1.5696	-1.7214	-1.4179	4.413e-60	-0.9054	-1.0232	-0.7876	1.569e-39	0.6343	Amino-acid autonomy	22
raw MAG length	0.001	amino_acid_autonomy	day_35_minus_day_7	-3.3185	-3.5717	-3.0653	5.915e-81	-2.1069	-2.2552	-1.9586	8.907e-89	-1.2118	-1.327	-1.0966	1.962e-61	0.6349	Amino-acid autonomy	22
raw MAG length	0.001	aromatic_catabolism	day_21_minus_day_7	-0.01	-0.0135	-0.0064	8.06e-08	-0.0512	-0.0557	-0.0467	1.194e-67	0.0413	0.0369	0.0457	1.621e-52	5.1377	Aromatic catabolism	12
raw MAG length	0.001	aromatic_catabolism	day_35_minus_day_7	-0.0129	-0.0163	-0.0094	2.729e-12	-0.0642	-0.0686	-0.0598	8.44e-91	0.0513	0.047	0.0557	5.263e-72	4.9916	Aromatic catabolism	12
raw MAG length	0.001	biomass_essential_anabolism	day_21_minus_day_7	-3.6663	-4.0473	-3.2853	1.418e-54	-2.5462	-2.7937	-2.2987	1.185e-59	-1.1201	-1.2721	-0.9681	3.882e-37	0.6945	Biomass-essential anabolic GIFTs	44
raw MAG length	0.001	biomass_essential_anabolism	day_35_minus_day_7	-4.7813	-5.1536	-4.4089	5.065e-79	-3.4193	-3.6612	-3.1774	2.665e-88	-1.3619	-1.5105	-1.2134	4.931e-51	0.7151	Biomass-essential anabolic GIFTs	44
raw MAG length	0.001	carbohydrate_degradation	day_21_minus_day_7	-0.5445	-0.6051	-0.4839	1.361e-49	-0.3449	-0.3777	-0.3121	2.048e-61	-0.1997	-0.2353	-0.1642	2.795e-24	0.6334	Carbohydrate degradation	18
raw MAG length	0.001	carbohydrate_degradation	day_35_minus_day_7	-0.6354	-0.6946	-0.5761	5.556e-63	-0.454	-0.486	-0.4219	1.638e-88	-0.1815	-0.2162	-0.1467	1.433e-21	0.7145	Carbohydrate degradation	18
raw MAG length	0.001	carbon_acquisition	day_21_minus_day_7	-0.8548	-0.942	-0.7675	6.721e-56	-0.5747	-0.6293	-0.5202	1.561e-61	-0.2802	-0.3203	-0.24	3.455e-34	0.6724	Carbon acquisition	36
raw MAG length	0.001	carbon_acquisition	day_35_minus_day_7	-1.0624	-1.1477	-0.9771	3.769e-76	-0.7592	-0.8125	-0.7059	5.847e-89	-0.3032	-0.3425	-0.264	7.178e-40	0.7146	Carbon acquisition	36
raw MAG length	0.001	chemical_detoxification	day_21_minus_day_7	-0.2997	-0.3342	-0.2653	1.865e-47	-0.2526	-0.2756	-0.2297	4.434e-65	-0.047	-0.0636	-0.0304	6.426e-08	0.8428	Chemical detoxification	5
raw MAG length	0.001	chemical_detoxification	day_35_minus_day_7	-0.388	-0.4217	-0.3544	3.444e-69	-0.3334	-0.3558	-0.3109	8.687e-93	-0.0546	-0.0708	-0.0384	1.766e-10	0.8592	Chemical detoxification	5
raw MAG length	0.001	cofactor_autonomy	day_21_minus_day_7	-0.5828	-0.6404	-0.5253	1.737e-58	-0.6334	-0.6943	-0.5726	1.408e-60	0.0505	0.0265	0.0746	5.407e-05	1.0868	Cofactor autonomy	15
raw MAG length	0.001	cofactor_autonomy	day_35_minus_day_7	-0.7095	-0.7657	-0.6533	2.125e-77	-0.8491	-0.9086	-0.7896	3.323e-89	0.1395	0.116	0.163	1.661e-26	1.1968	Cofactor autonomy	15
raw MAG length	0.001	extracellular_public_goods	day_21_minus_day_7	-0.1346	-0.1504	-0.1189	4.896e-46	-0.1166	-0.1276	-0.1057	1.261e-62	-0.018	-0.0282	-0.0079	0.0006086	0.8663	Extracellular processing outputs	3
raw MAG length	0.001	extracellular_public_goods	day_35_minus_day_7	-0.1486	-0.164	-0.1331	1.425e-54	-0.1545	-0.1652	-0.1439	2.167e-90	0.006	-0.0039	0.0158	0.244	1.0402	Extracellular processing outputs	3
raw MAG length	0.001	fermentation_products	day_21_minus_day_7	-0.2798	-0.3105	-0.2491	1.447e-50	-0.0888	-0.1007	-0.0769	9.964e-38	-0.1911	-0.2175	-0.1646	5.133e-36	0.3174	Fermentation products	11
raw MAG length	0.001	fermentation_products	day_35_minus_day_7	-0.4268	-0.4568	-0.3968	8.194e-89	-0.1252	-0.1368	-0.1135	4.09e-63	-0.3016	-0.3274	-0.2757	3.803e-70	0.2933	Fermentation products	11
raw MAG length	0.001	host_glycan_foraging	day_21_minus_day_7	-0.2211	-0.2467	-0.1955	5.995e-47	-0.1205	-0.1322	-0.1088	1.081e-59	-0.1006	-0.1176	-0.0837	1.381e-26	0.5448	Host glycan foraging	7
raw MAG length	0.001	host_glycan_foraging	day_35_minus_day_7	-0.2454	-0.2704	-0.2204	4.8e-56	-0.1599	-0.1714	-0.1485	3.294e-87	-0.0855	-0.1021	-0.069	3.28e-21	0.6516	Host glycan foraging	7
raw MAG length	0.001	nitrogen_acquisition	day_21_minus_day_7	-0.5229	-0.5771	-0.4686	9.564e-55	-0.4611	-0.5054	-0.4167	1.908e-60	-0.0619	-0.0804	-0.0434	2.316e-10	0.8818	Nitrogen acquisition	20
raw MAG length	0.001	nitrogen_acquisition	day_35_minus_day_7	-0.702	-0.7549	-0.649	5.979e-82	-0.6165	-0.6599	-0.5731	7.855e-89	-0.0855	-0.1036	-0.0674	2.501e-18	0.8783	Nitrogen acquisition	20
raw MAG length	0.001	nucleotide_autonomy	day_21_minus_day_7	-0.4685	-0.5219	-0.4152	4.868e-48	-0.2021	-0.2232	-0.181	2.538e-54	-0.2662	-0.3005	-0.2319	4.192e-40	0.4314	Nucleotide autonomy	4
raw MAG length	0.001	nucleotide_autonomy	day_35_minus_day_7	-0.5776	-0.6297	-0.5255	1.013e-65	-0.2743	-0.2949	-0.2537	2.001e-82	-0.3031	-0.3367	-0.2696	4.477e-50	0.4749	Nucleotide autonomy	4
raw MAG length	0.001	nutrient_uptake	day_21_minus_day_7	-0.0133	-0.0162	-0.0104	1.161e-17	-0.0202	-0.0221	-0.0184	1.952e-63	0.007	0.0044	0.0095	1.305e-07	1.5226	Nutrient uptake	3
raw MAG length	0.001	nutrient_uptake	day_35_minus_day_7	-0.0163	-0.0191	-0.0135	1.37e-25	-0.0258	-0.0277	-0.024	5.311e-88	0.0095	0.0071	0.012	3.664e-13	1.5842	Nutrient uptake	3
raw MAG length	0.001	plant_fibre_utilisation	day_21_minus_day_7	-0.3212	-0.3588	-0.2835	4.688e-46	-0.247	-0.2701	-0.2239	9.994e-63	-0.0742	-0.0967	-0.0518	3.335e-10	0.769	Plant fibre utilisation	13
raw MAG length	0.001	plant_fibre_utilisation	day_35_minus_day_7	-0.3746	-0.4114	-0.3377	8.695e-59	-0.3249	-0.3475	-0.3023	7.699e-90	-0.0497	-0.0716	-0.0278	1.326e-05	0.8673	Plant fibre utilisation	13
raw MAG length	0.001	released_bioactive_products	day_21_minus_day_7	0.003	-0.0043	0.0104	0.4239	-0.0693	-0.0756	-0.063	1.29e-65	0.0723	0.0642	0.0804	2.806e-49	-22.789	Released bioactive products	5
raw MAG length	0.001	released_bioactive_products	day_35_minus_day_7	0.0344	0.0272	0.0416	1.047e-18	-0.0919	-0.098	-0.0858	7.618e-94	0.1263	0.1184	0.1342	1.249e-99	-2.6705	Released bioactive products	5
raw MAG length	0.001	shikimate_derived_biosynthesis	day_21_minus_day_7	-0.5945	-0.6526	-0.5364	3.372e-59	-0.3827	-0.4184	-0.3469	7.223e-63	-0.2119	-0.2381	-0.1857	1.029e-42	0.6437	Shikimate-derived biosynthesis	10
raw MAG length	0.001	shikimate_derived_biosynthesis	day_35_minus_day_7	-0.8244	-0.8812	-0.7675	1.353e-90	-0.5103	-0.5453	-0.4754	3.428e-91	-0.3141	-0.3397	-0.2885	8.06e-75	0.6191	Shikimate-derived biosynthesis	10
raw MAG length	0.001	short_chain_fatty_acids	day_21_minus_day_7	-0.1097	-0.1225	-0.0969	2.71e-46	-0.039	-0.0429	-0.0351	2.193e-57	-0.0707	-0.0812	-0.0602	2.339e-32	0.3553	Short-chain fatty acids	4
raw MAG length	0.001	short_chain_fatty_acids	day_35_minus_day_7	-0.1792	-0.1917	-0.1667	2.17e-89	-0.0528	-0.0566	-0.049	3.095e-86	-0.1264	-0.1367	-0.1161	3.933e-75	0.2945	Short-chain fatty acids	4
raw MAG length	0.001	sulfur_acquisition	day_21_minus_day_7	-0.0076	-0.0101	-0.0051	9.133e-09	-0.0517	-0.0564	-0.047	3.408e-65	0.0442	0.0401	0.0483	1.623e-62	6.8071	Sulfur acquisition	4
raw MAG length	0.001	sulfur_acquisition	day_35_minus_day_7	-0.0098	-0.0123	-0.0074	6.953e-14	-0.0659	-0.0705	-0.0613	9.34e-90	0.0561	0.0521	0.0602	2.271e-86	6.707	Sulfur acquisition	4
raw MAG length	0.001	vitamin_biosynthesis	day_21_minus_day_7	-1.504	-1.6404	-1.3676	2.602e-65	-0.992	-1.0887	-0.8953	2.088e-59	-0.5121	-0.5664	-0.4578	4.417e-53	0.6596	Vitamin biosynthesis	20
raw MAG length	0.001	vitamin_biosynthesis	day_35_minus_day_7	-1.9135	-2.0468	-1.7802	1.121e-89	-1.3336	-1.4281	-1.239	4.351e-88	-0.58	-0.633	-0.5269	1.571e-64	0.6969	Vitamin biosynthesis	20
