item	value
published_bacterial_mags	822
samples	388
drakkar_marker_rows	11219684
drakkar_marker_genomes	822
supported_genome_gift_calls	23220
supported_call_genomes	821
represented_gifts	133
catalogue_gifts	156
high_quality_genomes_at_90_percent	518
annotation_sha256	1bc6f6a882223d1f86c417f5d0f9c8937fc70b370affc0c5399bc3e81fcfbd86
annotation_manifest_sha256	f47f8355c3e8f4a770e59452740a640bf050bed38ea6002f110b8d35e6b0685d
annotation_qc_sha256	21067ae6e0cb4c25757f88ddf2c14e2eedf442125e0cd34b0dcd2c72defb148d
gifter_sqlite_sha256	fb5fdb60592a5db576d6b3a2fa498f5c153f7f6f654ead4706eb896bb6b95bf4
analysis_script_sha256	8876e8b8e196fdbe935e54d3b214df87caec589bde988d4785054424a0f46e45
analysis_cache_version	r10-2026-10-03-v1
primary_detection	0.001
confidence_sensitivity_floor	high-confidence
completeness_assessability_threshold_percent	90
