gift_id	gift_name	day_21_minus_day_7	day_35_minus_day_7	detail_rank	frame_id	reference_frame	sampling_time	adjusted_mean	standard_error	confidence_low	confidence_high	model_status
proline_biosynthesis	L-glutamate to L-proline	-0.172290100733865	-0.242380451764224	1	amino_acid_autonomy	Amino-acid autonomy	7	0.760282021757171	0.00609300375844824	0.747985842357043	0.7725782011573	ok
proline_biosynthesis	L-glutamate to L-proline	-0.172290100733865	-0.242380451764224	1	amino_acid_autonomy	Amino-acid autonomy	21	0.587991921023307	0.00599388514381176	0.575895771085785	0.600088070960829	ok
proline_biosynthesis	L-glutamate to L-proline	-0.172290100733865	-0.242380451764224	1	amino_acid_autonomy	Amino-acid autonomy	35	0.517901569992948	0.00569478123209138	0.50640903618691	0.529394103798985	ok
tyrosine_biosynthesis	Chorismate to L-tyrosine	-0.168018111631603	-0.228844974187168	2	amino_acid_autonomy	Amino-acid autonomy	7	0.603365342751612	0.00590505340062147	0.591448462529652	0.615282222973572	ok
tyrosine_biosynthesis	Chorismate to L-tyrosine	-0.168018111631603	-0.228844974187168	2	amino_acid_autonomy	Amino-acid autonomy	21	0.435347231120009	0.00580899228978406	0.423624210068182	0.447070252171835	ok
tyrosine_biosynthesis	Chorismate to L-tyrosine	-0.168018111631603	-0.228844974187168	2	amino_acid_autonomy	Amino-acid autonomy	35	0.374520368564444	0.00551911481170062	0.363382343947196	0.385658393181691	ok
phenylalanine_biosynthesis	Chorismate to L-phenylalanine	-0.171678916238281	-0.226460543080543	3	amino_acid_autonomy	Amino-acid autonomy	7	0.83189186465269	0.00675201331679708	0.818265750120875	0.845517979184504	ok
phenylalanine_biosynthesis	Chorismate to L-phenylalanine	-0.171678916238281	-0.226460543080543	3	amino_acid_autonomy	Amino-acid autonomy	21	0.660212948414409	0.00664386616413195	0.6468050836726	0.673620813156218	ok
phenylalanine_biosynthesis	Chorismate to L-phenylalanine	-0.171678916238281	-0.226460543080543	3	amino_acid_autonomy	Amino-acid autonomy	35	0.605431321572146	0.00631664740771408	0.592683811015483	0.61817883212881	ok
arginine_biosynthesis	L-ornithine to L-arginine	-0.154113028795976	-0.215059548266382	4	amino_acid_autonomy	Amino-acid autonomy	7	0.787352920885169	0.00620907263832638	0.774822505002292	0.799883336768046	ok
arginine_biosynthesis	L-ornithine to L-arginine	-0.154113028795976	-0.215059548266382	4	amino_acid_autonomy	Amino-acid autonomy	21	0.633239892089193	0.00610806586036562	0.620913316136779	0.645566468041606	ok
arginine_biosynthesis	L-ornithine to L-arginine	-0.154113028795976	-0.215059548266382	4	amino_acid_autonomy	Amino-acid autonomy	35	0.572293372618787	0.00580326415876698	0.560581911403357	0.584004833834217	ok
leucine_biosynthesis	3-methyl-2-oxobutanoate to L-leucine	-0.150786939944176	-0.199219006066489	5	amino_acid_autonomy	Amino-acid autonomy	7	0.658832258978565	0.00568738782246466	0.647354645677216	0.670309872279913	ok
leucine_biosynthesis	3-methyl-2-oxobutanoate to L-leucine	-0.150786939944176	-0.199219006066489	5	amino_acid_autonomy	Amino-acid autonomy	21	0.508045319034389	0.0055956984296182	0.496752742419086	0.519337895649691	ok
leucine_biosynthesis	3-methyl-2-oxobutanoate to L-leucine	-0.150786939944176	-0.199219006066489	5	amino_acid_autonomy	Amino-acid autonomy	35	0.459613252912076	0.00531858071907761	0.448879922477942	0.470346583346209	ok
aspartate_biosynthesis	Oxaloacetate to L-aspartate	-0.136239564237568	-0.197181463020228	6	amino_acid_autonomy	Amino-acid autonomy	7	0.716022556097134	0.00590760207565595	0.704100532440721	0.727944579753548	ok
aspartate_biosynthesis	Oxaloacetate to L-aspartate	-0.136239564237568	-0.197181463020228	6	amino_acid_autonomy	Amino-acid autonomy	21	0.579782991859566	0.00581227700124073	0.56805334199165	0.591512641727482	ok
aspartate_biosynthesis	Oxaloacetate to L-aspartate	-0.136239564237568	-0.197181463020228	6	amino_acid_autonomy	Amino-acid autonomy	35	0.518841093076906	0.00552421519970626	0.507692775459947	0.529989410693865	ok
nad_biosynthesis_namn	Nicotinate D-ribonucleotide to NAD	-0.174484591240562	-0.246956170519444	1	biomass_essential_anabolism	biomass-essential anabolic GIFTs	7	0.854313657458173	0.00616319754714229	0.841875821257429	0.866751493658916	ok
nad_biosynthesis_namn	Nicotinate D-ribonucleotide to NAD	-0.174484591240562	-0.246956170519444	1	biomass_essential_anabolism	biomass-essential anabolic GIFTs	21	0.679829066217611	0.00606293704774074	0.667593563896225	0.692064568538996	ok
nad_biosynthesis_namn	Nicotinate D-ribonucleotide to NAD	-0.174484591240562	-0.246956170519444	1	biomass_essential_anabolism	biomass-essential anabolic GIFTs	35	0.607357486938728	0.00576038734305383	0.595732554640565	0.618982419236892	ok
proline_biosynthesis	L-glutamate to L-proline	-0.172290100733865	-0.242380451764224	2	biomass_essential_anabolism	biomass-essential anabolic GIFTs	7	0.760282021757171	0.00609300375844824	0.747985842357043	0.7725782011573	ok
proline_biosynthesis	L-glutamate to L-proline	-0.172290100733865	-0.242380451764224	2	biomass_essential_anabolism	biomass-essential anabolic GIFTs	21	0.587991921023307	0.00599388514381176	0.575895771085785	0.600088070960829	ok
proline_biosynthesis	L-glutamate to L-proline	-0.172290100733865	-0.242380451764224	2	biomass_essential_anabolism	biomass-essential anabolic GIFTs	35	0.517901569992948	0.00569478123209138	0.50640903618691	0.529394103798985	ok
thiamine_phosphate_biosynthesis	Thiamine pyrimidine and thiazole to thiamine phosphate	-0.178241342399314	-0.240925908857475	3	biomass_essential_anabolism	biomass-essential anabolic GIFTs	7	0.684060696763519	0.00615822365146984	0.671632898290624	0.696488495236414	ok
thiamine_phosphate_biosynthesis	Thiamine pyrimidine and thiazole to thiamine phosphate	-0.178241342399314	-0.240925908857475	3	biomass_essential_anabolism	biomass-essential anabolic GIFTs	21	0.505819354364205	0.00605804406517502	0.493593726481408	0.518044982247003	ok
thiamine_phosphate_biosynthesis	Thiamine pyrimidine and thiazole to thiamine phosphate	-0.178241342399314	-0.240925908857475	3	biomass_essential_anabolism	biomass-essential anabolic GIFTs	35	0.443134787906044	0.00575573852695673	0.431519237298586	0.454750338513503	ok
tyrosine_biosynthesis	Chorismate to L-tyrosine	-0.168018111631603	-0.228844974187168	4	biomass_essential_anabolism	biomass-essential anabolic GIFTs	7	0.603365342751612	0.00590505340062147	0.591448462529652	0.615282222973572	ok
tyrosine_biosynthesis	Chorismate to L-tyrosine	-0.168018111631603	-0.228844974187168	4	biomass_essential_anabolism	biomass-essential anabolic GIFTs	21	0.435347231120009	0.00580899228978406	0.423624210068182	0.447070252171835	ok
tyrosine_biosynthesis	Chorismate to L-tyrosine	-0.168018111631603	-0.228844974187168	4	biomass_essential_anabolism	biomass-essential anabolic GIFTs	35	0.374520368564444	0.00551911481170062	0.363382343947196	0.385658393181691	ok
phenylalanine_biosynthesis	Chorismate to L-phenylalanine	-0.171678916238281	-0.226460543080543	5	biomass_essential_anabolism	biomass-essential anabolic GIFTs	7	0.83189186465269	0.00675201331679708	0.818265750120875	0.845517979184504	ok
phenylalanine_biosynthesis	Chorismate to L-phenylalanine	-0.171678916238281	-0.226460543080543	5	biomass_essential_anabolism	biomass-essential anabolic GIFTs	21	0.660212948414409	0.00664386616413195	0.6468050836726	0.673620813156218	ok
phenylalanine_biosynthesis	Chorismate to L-phenylalanine	-0.171678916238281	-0.226460543080543	5	biomass_essential_anabolism	biomass-essential anabolic GIFTs	35	0.605431321572146	0.00631664740771408	0.592683811015483	0.61817883212881	ok
arginine_biosynthesis	L-ornithine to L-arginine	-0.154113028795976	-0.215059548266382	6	biomass_essential_anabolism	biomass-essential anabolic GIFTs	7	0.787352920885169	0.00620907263832638	0.774822505002292	0.799883336768046	ok
arginine_biosynthesis	L-ornithine to L-arginine	-0.154113028795976	-0.215059548266382	6	biomass_essential_anabolism	biomass-essential anabolic GIFTs	21	0.633239892089193	0.00610806586036562	0.620913316136779	0.645566468041606	ok
arginine_biosynthesis	L-ornithine to L-arginine	-0.154113028795976	-0.215059548266382	6	biomass_essential_anabolism	biomass-essential anabolic GIFTs	35	0.572293372618787	0.00580326415876698	0.560581911403357	0.584004833834217	ok
cobinamide_biosynthesis	Cobyrinate a,c-diamide to adenosylcobinamide phosphate	-0.167559021015453	-0.247063900972421	1	vitamin_biosynthesis	Vitamin biosynthesis	7	0.538939005562526	0.00530511737790011	0.528232845250881	0.54964516587417	ok
cobinamide_biosynthesis	Cobyrinate a,c-diamide to adenosylcobinamide phosphate	-0.167559021015453	-0.247063900972421	1	vitamin_biosynthesis	Vitamin biosynthesis	21	0.371379984547072	0.00521881579239054	0.360847987886069	0.381911981208076	ok
cobinamide_biosynthesis	Cobyrinate a,c-diamide to adenosylcobinamide phosphate	-0.167559021015453	-0.247063900972421	1	vitamin_biosynthesis	Vitamin biosynthesis	35	0.291875104590105	0.00495838901070868	0.281868670452137	0.301881538728072	ok
nad_biosynthesis_namn	Nicotinate D-ribonucleotide to NAD	-0.174484591240562	-0.246956170519444	2	vitamin_biosynthesis	Vitamin biosynthesis	7	0.854313657458173	0.00616319754714229	0.841875821257429	0.866751493658916	ok
nad_biosynthesis_namn	Nicotinate D-ribonucleotide to NAD	-0.174484591240562	-0.246956170519444	2	vitamin_biosynthesis	Vitamin biosynthesis	21	0.679829066217611	0.00606293704774074	0.667593563896225	0.692064568538996	ok
nad_biosynthesis_namn	Nicotinate D-ribonucleotide to NAD	-0.174484591240562	-0.246956170519444	2	vitamin_biosynthesis	Vitamin biosynthesis	35	0.607357486938728	0.00576038734305383	0.595732554640565	0.618982419236892	ok
thiamine_precursor_salvage	Thiamine precursor salvage to the activated moieties	-0.160412003816961	-0.241000630325531	3	vitamin_biosynthesis	Vitamin biosynthesis	7	0.577889810904159	0.00570210921394983	0.566382488632015	0.589397133176304	ok
thiamine_precursor_salvage	Thiamine precursor salvage to the activated moieties	-0.160412003816961	-0.241000630325531	3	vitamin_biosynthesis	Vitamin biosynthesis	21	0.417477807087198	0.00560934951970896	0.40615768145676	0.428797932717636	ok
thiamine_precursor_salvage	Thiamine precursor salvage to the activated moieties	-0.160412003816961	-0.241000630325531	3	vitamin_biosynthesis	Vitamin biosynthesis	35	0.336889180578628	0.0053294345158474	0.326133946295827	0.347644414861429	ok
thiamine_phosphate_biosynthesis	Thiamine pyrimidine and thiazole to thiamine phosphate	-0.178241342399314	-0.240925908857475	4	vitamin_biosynthesis	Vitamin biosynthesis	7	0.684060696763519	0.00615822365146984	0.671632898290624	0.696488495236414	ok
thiamine_phosphate_biosynthesis	Thiamine pyrimidine and thiazole to thiamine phosphate	-0.178241342399314	-0.240925908857475	4	vitamin_biosynthesis	Vitamin biosynthesis	21	0.505819354364205	0.00605804406517502	0.493593726481408	0.518044982247003	ok
thiamine_phosphate_biosynthesis	Thiamine pyrimidine and thiazole to thiamine phosphate	-0.178241342399314	-0.240925908857475	4	vitamin_biosynthesis	Vitamin biosynthesis	35	0.443134787906044	0.00575573852695673	0.431519237298586	0.454750338513503	ok
namn_salvage_nicotinate	Nicotinate to nicotinate D-ribonucleotide	-0.141678383035106	-0.2170615373542	5	vitamin_biosynthesis	Vitamin biosynthesis	7	0.894700441066652	0.00567705058975551	0.883243689145492	0.906157192987813	ok
namn_salvage_nicotinate	Nicotinate to nicotinate D-ribonucleotide	-0.141678383035106	-0.2170615373542	5	vitamin_biosynthesis	Vitamin biosynthesis	21	0.753022058031546	0.00558469853940509	0.741751680093416	0.764292435969677	ok
namn_salvage_nicotinate	Nicotinate to nicotinate D-ribonucleotide	-0.141678383035106	-0.2170615373542	5	vitamin_biosynthesis	Vitamin biosynthesis	35	0.677638903712452	0.00530601365650269	0.666930934637359	0.688346872787545	ok
hmp_phosphate_biosynthesis	AIR to the thiamine pyrimidine	-0.112605950077954	-0.15765201830201	6	vitamin_biosynthesis	Vitamin biosynthesis	7	0.407296169815378	0.00422965980949131	0.398760370744697	0.415831968886059	ok
hmp_phosphate_biosynthesis	AIR to the thiamine pyrimidine	-0.112605950077954	-0.15765201830201	6	vitamin_biosynthesis	Vitamin biosynthesis	21	0.294690219737424	0.00416085334921497	0.286293277725262	0.303087161749585	ok
hmp_phosphate_biosynthesis	AIR to the thiamine pyrimidine	-0.112605950077954	-0.15765201830201	6	vitamin_biosynthesis	Vitamin biosynthesis	35	0.249644151513368	0.00395322048940771	0.241666229576487	0.257622073450249	ok
